id,cost,manufacture_time,delivery_time,cook_time,cool_down_time,ingredients_cost,packaging_cost,ingredients
1,59.95000076,1/25/2013,1/28/2013,89,63,56.6,3.35,"milk, eggs, cocoa, chocolate_chips, walnuts, peanuts, salt, sprinkles, oil, strawberries, blueberries, bananas, apples, baking_soda, vanilla_extract, enriched_flour, sugar, brown_sugar, baking_powder, butter,"
2,39.5,8/21/2015,8/24/2015,5,33,2.63,36.87,
3,54,6/16/2015,6/23/2015,1,100,25.21,28.79,
4,43.99000168,7/1/2015,7/7/2015,46,26,41.51,2.48,"vanilla_extract, enriched_flour, sugar, brown_sugar, baking_powder, butter, milk, eggs, cocoa, chocolate_chips, walnuts, peanuts, salt, sprinkles, oil, strawberries, blueberries, bananas, apples, baking_soda,"
5,14,3/26/2013,3/29/2013,16,57,6.12,7.88,"cocoa, chocolate_chips, walnuts, peanuts, salt, sprinkles, oil, strawberries, blueberries, bananas, apples, baking_soda, vanilla_extract, enriched_flour, sugar, brown_sugar, baking_powder, butter, milk, eggs,"
6,32.88999939,6/28/2015,7/2/2015,29,14,5.68,27.21,
7,89.98999786,2/20/2013,2/24/2013,85,76,22.81,67.18,"brown_sugar, baking_powder, butter, milk, eggs, cocoa, chocolate_chips, walnuts, peanuts, salt, sprinkles, oil, strawberries, blueberries, bananas, apples, baking_soda, vanilla_extract, enriched_flour, sugar,"
8,9.970000267,7/16/2012,7/23/2012,56,25,5.49,4.48,"baking_powder, butter, milk, eggs, cocoa, chocolate_chips, walnuts, peanuts, salt, sprinkles, oil, strawberries, blueberries, bananas, apples, baking_soda, vanilla_extract, enriched_flour, sugar, brown_sugar,"
9,78,10/20/2013,10/25/2013,43,1,54.52,23.48,
10,49.66999817,,,97,37,19.69,29.98,"milk, eggs, cocoa, chocolate_chips, walnuts, peanuts, salt, sprinkles, oil, strawberries, blueberries, bananas, apples, baking_soda, vanilla_extract, enriched_flour, sugar, brown_sugar, baking_powder, butter,"
11,40,7/27/2014,7/30/2014,23,94,8.43,31.57,"vanilla_extract, enriched_flour, sugar, brown_sugar, baking_powder, butter, milk, eggs, cocoa, chocolate_chips, walnuts, peanuts, salt, sprinkles, oil, strawberries, blueberries, bananas, apples, baking_soda,"
12,50.34999847,4/8/2014,4/13/2014,55,57,27.8,22.55,
13,60,,,8,20,34.64,25.36,"butter, milk, eggs, cocoa, chocolate_chips, walnuts, peanuts, salt, sprinkles, oil, strawberries, blueberries, bananas, apples, baking_soda, vanilla_extract, enriched_flour, sugar, brown_sugar, baking_powder,"
14,82,9/1/2014,9/8/2014,19,92,79.83,2.17,
15,10.63000011,1/4/2016,1/7/2016,8,45,8.35,2.28,
16,52,8/22/2014,8/25/2014,62,83,24.8,27.2,
17,18,6/29/2015,7/2/2015,17,2,6.95,11.05,"enriched_flour, sugar, brown_sugar, baking_powder, butter, milk, eggs, cocoa, chocolate_chips, walnuts, peanuts, salt, sprinkles, oil, strawberries, blueberries, bananas, apples, baking_soda, vanilla_extract,"
18,50,1/7/2016,1/13/2016,77,82,23.65,26.35,"baking_soda, vanilla_extract, enriched_flour, sugar, brown_sugar, baking_powder, butter, milk, eggs, cocoa, chocolate_chips, walnuts, peanuts, salt, sprinkles, oil, strawberries, blueberries, bananas, apples,"
19,159,4/21/2013,4/24/2013,81,0,84.85,74.15,
20,29.95000076,6/4/2015,6/12/2015,39,4,12.47,17.48,"baking_powder, butter, milk, eggs, cocoa, chocolate_chips, walnuts, peanuts, salt, sprinkles, oil, strawberries, blueberries, bananas, apples, baking_soda, vanilla_extract, enriched_flour, sugar, brown_sugar,"
21,15.89999962,8/27/2013,9/2/2013,28,99,12.37,3.53,"cocoa, chocolate_chips, walnuts, peanuts, salt, sprinkles, oil, strawberries, blueberries, bananas, apples, baking_soda, vanilla_extract, enriched_flour, sugar, brown_sugar, baking_powder, butter, milk, eggs,"
22,34.99000168,5/29/2015,6/1/2015,62,45,25.08,9.91,
23,49.99000168,10/28/2012,10/31/2012,84,98,44.04,5.95,
24,143,9/23/2015,9/27/2015,8,97,136.64,6.36,"baking_powder, butter, milk, eggs, cocoa, chocolate_chips, walnuts, peanuts, salt, sprinkles, oil, strawberries, blueberries, bananas, apples, baking_soda, vanilla_extract, enriched_flour, sugar, brown_sugar,"
25,45,11/30/2014,12/5/2014,43,52,2.42,42.58,"brown_sugar, baking_powder, butter, milk, eggs, cocoa, chocolate_chips, walnuts, peanuts, salt, sprinkles, oil, strawberries, blueberries, bananas, apples, baking_soda, vanilla_extract, enriched_flour, sugar,"
26,20.47999954,3/3/2016,3/11/2016,98,44,16.6,3.88,"eggs, cocoa, chocolate_chips, walnuts, peanuts, salt, sprinkles, oil, strawberries, blueberries, bananas, apples, baking_soda, vanilla_extract, enriched_flour, sugar, brown_sugar, baking_powder, butter, milk,"
27,49.95000076,5/17/2015,5/20/2015,99,55,43.14,6.81,"enriched_flour, sugar, brown_sugar, baking_powder, butter, milk, eggs, cocoa, chocolate_chips, walnuts, peanuts, salt, sprinkles, oil, strawberries, blueberries, bananas, apples, baking_soda, vanilla_extract,"
28,29.61000061,2/16/2016,2/23/2016,32,41,12.79,16.82,
29,48,8/11/2015,8/18/2015,13,64,42.74,5.26,"brown_sugar, baking_powder, butter, milk, eggs, cocoa, chocolate_chips, walnuts, peanuts, salt, sprinkles, oil, strawberries, blueberries, bananas, apples, baking_soda, vanilla_extract, enriched_flour, sugar,"
30,20.98999977,10/7/2014,10/10/2014,94,38,6.7,14.29,"brown_sugar, baking_powder, butter, milk, eggs, cocoa, chocolate_chips, walnuts, peanuts, salt, sprinkles, oil, strawberries, blueberries, bananas, apples, baking_soda, vanilla_extract, enriched_flour, sugar,"
31,60.99000168,11/21/2014,11/25/2014,70,22,48.46,12.53,"milk, eggs, cocoa, chocolate_chips, walnuts, peanuts, salt, sprinkles, oil, strawberries, blueberries, bananas, apples, baking_soda, vanilla_extract, enriched_flour, sugar, brown_sugar, baking_powder, butter,"
32,55,3/7/2016,3/15/2016,53,58,36.38,18.62,
33,128,12/31/2013,1/3/2014,59,22,115.89,12.11,
34,39.99000168,1/18/2012,1/24/2012,95,37,9.53,30.46,
35,75.11000061,5/16/2013,5/21/2013,74,57,72.29,2.82,"baking_soda, vanilla_extract, enriched_flour, sugar, brown_sugar, baking_powder, butter, milk, eggs, cocoa, chocolate_chips, walnuts, peanuts, salt, sprinkles, oil, strawberries, blueberries, bananas, apples,"
36,98.33000183,11/26/2015,12/1/2015,27,93,73.26,25.07,
37,24.98999977,2/9/2015,2/15/2015,48,49,15.64,9.35,"vanilla_extract, enriched_flour, sugar, brown_sugar, baking_powder, butter, milk, eggs, cocoa, chocolate_chips, walnuts, peanuts, salt, sprinkles, oil, strawberries, blueberries, bananas, apples, baking_soda,"
38,9.989999771,2/24/2016,3/2/2016,38,11,7.87,2.12,
39,40,12/30/2015,1/3/2016,4,49,26.48,13.52,"baking_powder, butter, milk, eggs, cocoa, chocolate_chips, walnuts, peanuts, salt, sprinkles, oil, strawberries, blueberries, bananas, apples, baking_soda, vanilla_extract, enriched_flour, sugar, brown_sugar,"
40,43.99000168,2/28/2016,3/2/2016,3,93,10.4,33.59,"brown_sugar, baking_powder, butter, milk, eggs, cocoa, chocolate_chips, walnuts, peanuts, salt, sprinkles, oil, strawberries, blueberries, bananas, apples, baking_soda, vanilla_extract, enriched_flour, sugar,"
41,136.1699982,6/11/2013,6/18/2013,95,11,2.33,133.84,"milk, eggs, cocoa, chocolate_chips, walnuts, peanuts, salt, sprinkles, oil, strawberries, blueberries, bananas, apples, baking_soda, vanilla_extract, enriched_flour, sugar, brown_sugar, baking_powder, butter,"
42,36,7/23/2014,7/27/2014,30,57,27.98,8.02,"baking_soda, vanilla_extract, enriched_flour, sugar, brown_sugar, baking_powder, butter, milk, eggs, cocoa, chocolate_chips, walnuts, peanuts, salt, sprinkles, oil, strawberries, blueberries, bananas, apples,"
43,12.35999966,4/24/2015,4/27/2015,68,11,2.39,9.97,
44,60,3/22/2013,3/27/2013,74,79,19.5,40.5,
45,25.75,8/5/2013,8/9/2013,75,21,10.81,14.94,
46,59.99000168,8/2/2013,8/5/2013,27,94,28.27,31.72,"butter, milk, eggs, cocoa, chocolate_chips, walnuts, peanuts, salt, sprinkles, oil, strawberries, blueberries, bananas, apples, baking_soda, vanilla_extract, enriched_flour, sugar, brown_sugar, baking_powder,"
47,22.98999977,10/23/2015,10/27/2015,67,2,20.99,2,"milk, eggs, cocoa, chocolate_chips, walnuts, peanuts, salt, sprinkles, oil, strawberries, blueberries, bananas, apples, baking_soda, vanilla_extract, enriched_flour, sugar, brown_sugar, baking_powder, butter,"
48,19.93000031,12/13/2015,12/16/2015,40,71,19.11,0.82,
49,99.98999786,11/16/2015,11/23/2015,84,63,8.56,91.43,
50,25,3/8/2015,3/11/2015,67,30,5.55,19.45,
51,75.11000061,5/31/2012,6/5/2012,16,92,30.96,44.15,"milk, eggs, cocoa, chocolate_chips, walnuts, peanuts, salt, sprinkles, oil, strawberries, blueberries, bananas, apples, baking_soda, vanilla_extract, enriched_flour, sugar, brown_sugar, baking_powder, butter,"
52,125,6/9/2014,6/12/2014,68,33,81.42,43.58,"brown_sugar, baking_powder, butter, milk, eggs, cocoa, chocolate_chips, walnuts, peanuts, salt, sprinkles, oil, strawberries, blueberries, bananas, apples, baking_soda, vanilla_extract, enriched_flour, sugar,"
53,31,6/22/2014,6/29/2014,83,42,16.9,14.1,"vanilla_extract, enriched_flour, sugar, brown_sugar, baking_powder, butter, milk, eggs, cocoa, chocolate_chips, walnuts, peanuts, salt, sprinkles, oil, strawberries, blueberries, bananas, apples, baking_soda,"
54,12,3/9/2016,3/15/2016,72,33,11.07,0.93,"enriched_flour, sugar, brown_sugar, baking_powder, butter, milk, eggs, cocoa, chocolate_chips, walnuts, peanuts, salt, sprinkles, oil, strawberries, blueberries, bananas, apples, baking_soda, vanilla_extract,"
55,24,9/20/2015,9/23/2015,43,16,2.55,21.45,"baking_soda, vanilla_extract, enriched_flour, sugar, brown_sugar, baking_powder, butter, milk, eggs, cocoa, chocolate_chips, walnuts, peanuts, salt, sprinkles, oil, strawberries, blueberries, bananas, apples,"
56,18.89999962,4/23/2015,4/29/2015,35,68,16.24,2.66,
57,64,9/29/2013,10/7/2013,25,100,42.44,21.56,"baking_soda, vanilla_extract, enriched_flour, sugar, brown_sugar, baking_powder, butter, milk, eggs, cocoa, chocolate_chips, walnuts, peanuts, salt, sprinkles, oil, strawberries, blueberries, bananas, apples,"
58,20,10/4/2015,10/7/2015,94,32,16.34,3.66,"baking_soda, vanilla_extract, enriched_flour, sugar, brown_sugar, baking_powder, butter, milk, eggs, cocoa, chocolate_chips, walnuts, peanuts, salt, sprinkles, oil, strawberries, blueberries, bananas, apples,"
59,22,9/25/2015,9/28/2015,85,57,18.93,3.07,"brown_sugar, baking_powder, butter, milk, eggs, cocoa, chocolate_chips, walnuts, peanuts, salt, sprinkles, oil, strawberries, blueberries, bananas, apples, baking_soda, vanilla_extract, enriched_flour, sugar,"
60,39.99000168,6/24/2015,6/30/2015,7,92,20.39,19.6,"baking_soda, vanilla_extract, enriched_flour, sugar, brown_sugar, baking_powder, butter, milk, eggs, cocoa, chocolate_chips, walnuts, peanuts, salt, sprinkles, oil, strawberries, blueberries, bananas, apples,"
61,25,12/19/2013,12/30/2013,42,47,6.44,18.56,"baking_powder, butter, milk, eggs, cocoa, chocolate_chips, walnuts, peanuts, salt, sprinkles, oil, strawberries, blueberries, bananas, apples, baking_soda, vanilla_extract, enriched_flour, sugar, brown_sugar,"
62,12.13000011,7/17/2015,7/24/2015,38,59,2.78,9.35,
63,12.25,5/18/2015,5/21/2015,22,30,4.99,7.26,"vanilla_extract, enriched_flour, sugar, brown_sugar, baking_powder, butter, milk, eggs, cocoa, chocolate_chips, walnuts, peanuts, salt, sprinkles, oil, strawberries, blueberries, bananas, apples, baking_soda,"
64,21.98999977,3/10/2015,3/15/2015,19,95,18.26,3.73,"enriched_flour, sugar, brown_sugar, baking_powder, butter, milk, eggs, cocoa, chocolate_chips, walnuts, peanuts, salt, sprinkles, oil, strawberries, blueberries, bananas, apples, baking_soda, vanilla_extract,"
65,14.55000019,12/10/2013,12/15/2013,8,49,7.19,7.36,
66,194.5,1/6/2016,1/11/2016,95,29,17.87,176.63,"vanilla_extract, enriched_flour, sugar, brown_sugar, baking_powder, butter, milk, eggs, cocoa, chocolate_chips, walnuts, peanuts, salt, sprinkles, oil, strawberries, blueberries, bananas, apples, baking_soda,"
67,53,2/20/2015,2/24/2015,91,54,45.55,7.45,"baking_soda, vanilla_extract, enriched_flour, sugar, brown_sugar, baking_powder, butter, milk, eggs, cocoa, chocolate_chips, walnuts, peanuts, salt, sprinkles, oil, strawberries, blueberries, bananas, apples,"
68,34.5,4/23/2015,4/28/2015,77,1,15.62,18.88,"baking_powder, butter, milk, eggs, cocoa, chocolate_chips, walnuts, peanuts, salt, sprinkles, oil, strawberries, blueberries, bananas, apples, baking_soda, vanilla_extract, enriched_flour, sugar, brown_sugar,"
69,15.89999962,8/24/2014,8/30/2014,73,86,13.19,2.71,"enriched_flour, sugar, brown_sugar, baking_powder, butter, milk, eggs, cocoa, chocolate_chips, walnuts, peanuts, salt, sprinkles, oil, strawberries, blueberries, bananas, apples, baking_soda, vanilla_extract,"
70,25,12/1/2015,12/7/2015,49,71,22.25,2.75,"milk, eggs, cocoa, chocolate_chips, walnuts, peanuts, salt, sprinkles, oil, strawberries, blueberries, bananas, apples, baking_soda, vanilla_extract, enriched_flour, sugar, brown_sugar, baking_powder, butter,"
71,120,2/25/2015,3/1/2015,46,60,13.97,106.03,
72,46,5/26/2015,5/29/2015,25,94,13.65,32.35,"sugar, brown_sugar, baking_powder, butter, milk, eggs, cocoa, chocolate_chips, walnuts, peanuts, salt, sprinkles, oil, strawberries, blueberries, bananas, apples, baking_soda, vanilla_extract, enriched_flour,"
73,36.99000168,4/30/2013,5/3/2013,45,91,24.81,12.18,
74,39.99000168,12/10/2013,12/13/2013,35,29,18.47,21.52,"sugar, brown_sugar, baking_powder, butter, milk, eggs, cocoa, chocolate_chips, walnuts, peanuts, salt, sprinkles, oil, strawberries, blueberries, bananas, apples, baking_soda, vanilla_extract, enriched_flour,"
75,14.55000019,9/6/2013,9/9/2013,76,81,3.5,11.05,
76,16.98999977,1/17/2012,1/22/2012,26,26,3.09,13.9,"milk, eggs, cocoa, chocolate_chips, walnuts, peanuts, salt, sprinkles, oil, strawberries, blueberries, bananas, apples, baking_soda, vanilla_extract, enriched_flour, sugar, brown_sugar, baking_powder, butter,"
77,51.95999908,7/1/2015,7/7/2015,34,22,1.65,50.31,"butter, milk, eggs, cocoa, chocolate_chips, walnuts, peanuts, salt, sprinkles, oil, strawberries, blueberries, bananas, apples, baking_soda, vanilla_extract, enriched_flour, sugar, brown_sugar, baking_powder,"
78,10,,,89,29,5.59,4.41,
79,9.989999771,8/14/2013,8/20/2013,51,49,1.81,8.18,"brown_sugar, baking_powder, butter, milk, eggs, cocoa, chocolate_chips, walnuts, peanuts, salt, sprinkles, oil, strawberries, blueberries, bananas, apples, baking_soda, vanilla_extract, enriched_flour, sugar,"
80,49.5,3/17/2013,3/21/2013,48,92,2.7,46.8,
81,64,10/10/2014,10/14/2014,87,57,50.06,13.94,"baking_soda, vanilla_extract, enriched_flour, sugar, brown_sugar, baking_powder, butter, milk, eggs, cocoa, chocolate_chips, walnuts, peanuts, salt, sprinkles, oil, strawberries, blueberries, bananas, apples,"
82,24.95000076,,,46,36,5.41,19.54,"sugar, brown_sugar, baking_powder, butter, milk, eggs, cocoa, chocolate_chips, walnuts, peanuts, salt, sprinkles, oil, strawberries, blueberries, bananas, apples, baking_soda, vanilla_extract, enriched_flour,"
83,68,10/21/2015,10/29/2015,66,1,10,58,"baking_soda, vanilla_extract, enriched_flour, sugar, brown_sugar, baking_powder, butter, milk, eggs, cocoa, chocolate_chips, walnuts, peanuts, salt, sprinkles, oil, strawberries, blueberries, bananas, apples,"
84,6.070000172,11/5/2015,11/10/2015,38,96,1.87,4.2,
85,54,6/17/2014,6/25/2014,63,51,5.29,48.71,
86,59.95000076,3/23/2015,3/26/2015,65,30,11.67,48.28,"eggs, cocoa, chocolate_chips, walnuts, peanuts, salt, sprinkles, oil, strawberries, blueberries, bananas, apples, baking_soda, vanilla_extract, enriched_flour, sugar, brown_sugar, baking_powder, butter, milk,"
87,39.99000168,2/10/2015,2/17/2015,11,74,23.17,16.82,"butter, milk, eggs, cocoa, chocolate_chips, walnuts, peanuts, salt, sprinkles, oil, strawberries, blueberries, bananas, apples, baking_soda, vanilla_extract, enriched_flour, sugar, brown_sugar, baking_powder,"
88,75.11000061,11/20/2014,11/25/2014,41,33,24.11,51,"butter, milk, eggs, cocoa, chocolate_chips, walnuts, peanuts, salt, sprinkles, oil, strawberries, blueberries, bananas, apples, baking_soda, vanilla_extract, enriched_flour, sugar, brown_sugar, baking_powder,"
89,8,2/5/2016,2/8/2016,17,55,7.65,0.35,"brown_sugar, baking_powder, butter, milk, eggs, cocoa, chocolate_chips, walnuts, peanuts, salt, sprinkles, oil, strawberries, blueberries, bananas, apples, baking_soda, vanilla_extract, enriched_flour, sugar,"
90,12.25,3/10/2016,3/14/2016,84,44,5.99,6.26,"brown_sugar, baking_powder, butter, milk, eggs, cocoa, chocolate_chips, walnuts, peanuts, salt, sprinkles, oil, strawberries, blueberries, bananas, apples, baking_soda, vanilla_extract, enriched_flour, sugar,"
91,109.9000015,,,96,82,70,39.9,"eggs, cocoa, chocolate_chips, walnuts, peanuts, salt, sprinkles, oil, strawberries, blueberries, bananas, apples, baking_soda, vanilla_extract, enriched_flour, sugar, brown_sugar, baking_powder, butter, milk,"
92,34.75,10/29/2013,11/5/2013,16,59,16.25,18.5,
93,42,12/15/2015,12/18/2015,59,71,12.75,29.25,
94,68.65000153,5/31/2015,6/3/2015,70,70,60.67,7.98,
95,44.20999908,3/3/2016,3/10/2016,59,34,32.7,11.51,"vanilla_extract, enriched_flour, sugar, brown_sugar, baking_powder, butter, milk, eggs, cocoa, chocolate_chips, walnuts, peanuts, salt, sprinkles, oil, strawberries, blueberries, bananas, apples, baking_soda,"
96,48,2/14/2016,2/18/2016,87,53,28.42,19.58,
97,99.5,8/11/2014,8/15/2014,33,1,3.55,95.95,"enriched_flour, sugar, brown_sugar, baking_powder, butter, milk, eggs, cocoa, chocolate_chips, walnuts, peanuts, salt, sprinkles, oil, strawberries, blueberries, bananas, apples, baking_soda, vanilla_extract,"
98,39.99000168,5/17/2013,5/23/2013,25,60,28.59,11.4,
99,25,2/10/2015,2/17/2015,11,24,15.02,9.98,"brown_sugar, baking_powder, butter, milk, eggs, cocoa, chocolate_chips, walnuts, peanuts, salt, sprinkles, oil, strawberries, blueberries, bananas, apples, baking_soda, vanilla_extract, enriched_flour, sugar,"
100,89.98999786,9/15/2013,9/18/2013,92,43,72.94,17.05,"vanilla_extract, enriched_flour, sugar, brown_sugar, baking_powder, butter, milk, eggs, cocoa, chocolate_chips, walnuts, peanuts, salt, sprinkles, oil, strawberries, blueberries, bananas, apples, baking_soda,"
101,161.7400055,3/17/2014,3/21/2014,91,13,82.84,78.9,"sugar, brown_sugar, baking_powder, butter, milk, eggs, cocoa, chocolate_chips, walnuts, peanuts, salt, sprinkles, oil, strawberries, blueberries, bananas, apples, baking_soda, vanilla_extract, enriched_flour,"
102,68,4/20/2015,4/28/2015,50,98,67.45,0.55,"sugar, brown_sugar, baking_powder, butter, milk, eggs, cocoa, chocolate_chips, walnuts, peanuts, salt, sprinkles, oil, strawberries, blueberries, bananas, apples, baking_soda, vanilla_extract, enriched_flour,"
103,59.95000076,9/1/2015,9/6/2015,77,7,12.53,47.42,"baking_soda, vanilla_extract, enriched_flour, sugar, brown_sugar, baking_powder, butter, milk, eggs, cocoa, chocolate_chips, walnuts, peanuts, salt, sprinkles, oil, strawberries, blueberries, bananas, apples,"
104,64.94999695,3/18/2014,3/21/2014,9,16,8.07,56.88,"baking_soda, vanilla_extract, enriched_flour, sugar, brown_sugar, baking_powder, butter, milk, eggs, cocoa, chocolate_chips, walnuts, peanuts, salt, sprinkles, oil, strawberries, blueberries, bananas, apples,"
105,43.47000122,10/7/2014,10/14/2014,96,71,3.57,39.9,"brown_sugar, baking_powder, butter, milk, eggs, cocoa, chocolate_chips, walnuts, peanuts, salt, sprinkles, oil, strawberries, blueberries, bananas, apples, baking_soda, vanilla_extract, enriched_flour, sugar,"
106,33.99000168,11/17/2015,11/25/2015,57,47,19.85,14.14,"baking_soda, vanilla_extract, enriched_flour, sugar, brown_sugar, baking_powder, butter, milk, eggs, cocoa, chocolate_chips, walnuts, peanuts, salt, sprinkles, oil, strawberries, blueberries, bananas, apples,"
107,3.460000038,3/16/2016,,77,65,2.37,1.09,"baking_powder, butter, milk, eggs, cocoa, chocolate_chips, walnuts, peanuts, salt, sprinkles, oil, strawberries, blueberries, bananas, apples, baking_soda, vanilla_extract, enriched_flour, sugar, brown_sugar,"
108,15,2/19/2016,2/23/2016,23,44,6.04,8.96,"brown_sugar, baking_powder, butter, milk, eggs, cocoa, chocolate_chips, walnuts, peanuts, salt, sprinkles, oil, strawberries, blueberries, bananas, apples, baking_soda, vanilla_extract, enriched_flour, sugar,"
109,34.99000168,5/15/2015,5/19/2015,20,55,16.65,18.34,"brown_sugar, baking_powder, butter, milk, eggs, cocoa, chocolate_chips, walnuts, peanuts, salt, sprinkles, oil, strawberries, blueberries, bananas, apples, baking_soda, vanilla_extract, enriched_flour, sugar,"
110,55.38000107,7/22/2015,7/28/2015,90,37,19.88,35.5,
111,44.99000168,3/2/2016,3/6/2016,23,3,42.31,2.68,
112,28.55999947,11/5/2012,11/11/2012,11,56,10.44,18.12,"brown_sugar, baking_powder, butter, milk, eggs, cocoa, chocolate_chips, walnuts, peanuts, salt, sprinkles, oil, strawberries, blueberries, bananas, apples, baking_soda, vanilla_extract, enriched_flour, sugar,"
113,25,7/17/2015,7/21/2015,25,85,19.92,5.08,"butter, milk, eggs, cocoa, chocolate_chips, walnuts, peanuts, salt, sprinkles, oil, strawberries, blueberries, bananas, apples, baking_soda, vanilla_extract, enriched_flour, sugar, brown_sugar, baking_powder,"
114,94.94999695,3/13/2013,3/17/2013,40,40,37.01,57.94,"enriched_flour, sugar, brown_sugar, baking_powder, butter, milk, eggs, cocoa, chocolate_chips, walnuts, peanuts, salt, sprinkles, oil, strawberries, blueberries, bananas, apples, baking_soda, vanilla_extract,"
115,68,5/14/2013,5/19/2013,96,65,56.35,11.65,"eggs, cocoa, chocolate_chips, walnuts, peanuts, salt, sprinkles, oil, strawberries, blueberries, bananas, apples, baking_soda, vanilla_extract, enriched_flour, sugar, brown_sugar, baking_powder, butter, milk,"
116,32.99000168,1/8/2015,1/14/2015,16,62,8.86,24.13,"baking_powder, butter, milk, eggs, cocoa, chocolate_chips, walnuts, peanuts, salt, sprinkles, oil, strawberries, blueberries, bananas, apples, baking_soda, vanilla_extract, enriched_flour, sugar, brown_sugar,"
117,11.25,1/3/2016,1/6/2016,34,5,10.22,1.03,"eggs, cocoa, chocolate_chips, walnuts, peanuts, salt, sprinkles, oil, strawberries, blueberries, bananas, apples, baking_soda, vanilla_extract, enriched_flour, sugar, brown_sugar, baking_powder, butter, milk,"
118,50.95000076,3/2/2016,3/9/2016,40,32,38.7,12.25,
119,33.99000168,7/7/2015,7/14/2015,55,11,13.64,20.35,"milk, eggs, cocoa, chocolate_chips, walnuts, peanuts, salt, sprinkles, oil, strawberries, blueberries, bananas, apples, baking_soda, vanilla_extract, enriched_flour, sugar, brown_sugar, baking_powder, butter,"
120,343,1/26/2015,1/29/2015,93,13,256.94,86.06,"milk, eggs, cocoa, chocolate_chips, walnuts, peanuts, salt, sprinkles, oil, strawberries, blueberries, bananas, apples, baking_soda, vanilla_extract, enriched_flour, sugar, brown_sugar, baking_powder, butter,"
121,59.95000076,3/26/2014,3/31/2014,69,43,22.85,37.1,
122,43.99000168,11/27/2013,12/7/2013,43,60,25.76,18.23,"baking_soda, vanilla_extract, enriched_flour, sugar, brown_sugar, baking_powder, butter, milk, eggs, cocoa, chocolate_chips, walnuts, peanuts, salt, sprinkles, oil, strawberries, blueberries, bananas, apples,"
123,50.29999924,6/12/2014,6/16/2014,42,43,35.09,15.21,"baking_powder, butter, milk, eggs, cocoa, chocolate_chips, walnuts, peanuts, salt, sprinkles, oil, strawberries, blueberries, bananas, apples, baking_soda, vanilla_extract, enriched_flour, sugar, brown_sugar,"
124,25,5/27/2014,6/1/2014,45,83,18.78,6.22,"sugar, brown_sugar, baking_powder, butter, milk, eggs, cocoa, chocolate_chips, walnuts, peanuts, salt, sprinkles, oil, strawberries, blueberries, bananas, apples, baking_soda, vanilla_extract, enriched_flour,"
125,23.67000008,12/11/2012,12/14/2012,1,99,20.47,3.2,"vanilla_extract, enriched_flour, sugar, brown_sugar, baking_powder, butter, milk, eggs, cocoa, chocolate_chips, walnuts, peanuts, salt, sprinkles, oil, strawberries, blueberries, bananas, apples, baking_soda,"
126,45,1/22/2013,1/30/2013,13,2,31.83,13.17,"sugar, brown_sugar, baking_powder, butter, milk, eggs, cocoa, chocolate_chips, walnuts, peanuts, salt, sprinkles, oil, strawberries, blueberries, bananas, apples, baking_soda, vanilla_extract, enriched_flour,"
127,44.40000153,7/15/2014,7/21/2014,10,57,0.57,43.83,"butter, milk, eggs, cocoa, chocolate_chips, walnuts, peanuts, salt, sprinkles, oil, strawberries, blueberries, bananas, apples, baking_soda, vanilla_extract, enriched_flour, sugar, brown_sugar, baking_powder,"
128,39.99000168,1/20/2016,1/26/2016,14,30,14.88,25.11,"baking_powder, butter, milk, eggs, cocoa, chocolate_chips, walnuts, peanuts, salt, sprinkles, oil, strawberries, blueberries, bananas, apples, baking_soda, vanilla_extract, enriched_flour, sugar, brown_sugar,"
129,46.75999832,12/7/2014,12/11/2014,74,48,42.06,4.7,"milk, eggs, cocoa, chocolate_chips, walnuts, peanuts, salt, sprinkles, oil, strawberries, blueberries, bananas, apples, baking_soda, vanilla_extract, enriched_flour, sugar, brown_sugar, baking_powder, butter,"
130,55,6/5/2012,6/12/2012,25,57,9.82,45.18,
131,38.61999893,4/14/2013,4/18/2013,66,78,17.91,20.71,
132,54.99000168,9/9/2014,9/14/2014,49,70,37.25,17.74,"enriched_flour, sugar, brown_sugar, baking_powder, butter, milk, eggs, cocoa, chocolate_chips, walnuts, peanuts, salt, sprinkles, oil, strawberries, blueberries, bananas, apples, baking_soda, vanilla_extract,"
133,34.99000168,5/29/2015,6/2/2015,25,28,6.8,28.19,
134,8.600000381,7/28/2013,8/1/2013,44,38,3.24,5.36,"sugar, brown_sugar, baking_powder, butter, milk, eggs, cocoa, chocolate_chips, walnuts, peanuts, salt, sprinkles, oil, strawberries, blueberries, bananas, apples, baking_soda, vanilla_extract, enriched_flour,"
135,68,1/14/2013,1/18/2013,19,4,32.02,35.98,
136,48,6/14/2015,6/17/2015,39,64,43.38,4.62,
137,12.94999981,11/8/2015,11/11/2015,75,14,6.06,6.89,"baking_soda, vanilla_extract, enriched_flour, sugar, brown_sugar, baking_powder, butter, milk, eggs, cocoa, chocolate_chips, walnuts, peanuts, salt, sprinkles, oil, strawberries, blueberries, bananas, apples,"
138,75.11000061,1/27/2014,1/30/2014,6,93,29.2,45.91,"brown_sugar, baking_powder, butter, milk, eggs, cocoa, chocolate_chips, walnuts, peanuts, salt, sprinkles, oil, strawberries, blueberries, bananas, apples, baking_soda, vanilla_extract, enriched_flour, sugar,"
139,59.95000076,9/6/2015,9/9/2015,70,57,17.12,42.83,"eggs, cocoa, chocolate_chips, walnuts, peanuts, salt, sprinkles, oil, strawberries, blueberries, bananas, apples, baking_soda, vanilla_extract, enriched_flour, sugar, brown_sugar, baking_powder, butter, milk,"
140,64,7/13/2015,7/17/2015,29,76,5.38,58.62,
141,37.95000076,9/21/2012,9/24/2012,79,93,30.83,7.12,"butter, milk, eggs, cocoa, chocolate_chips, walnuts, peanuts, salt, sprinkles, oil, strawberries, blueberries, bananas, apples, baking_soda, vanilla_extract, enriched_flour, sugar, brown_sugar, baking_powder,"
142,54,4/2/2014,4/8/2014,71,32,14.62,39.38,
143,68,8/10/2014,8/14/2014,64,23,56.49,11.51,"sugar, brown_sugar, baking_powder, butter, milk, eggs, cocoa, chocolate_chips, walnuts, peanuts, salt, sprinkles, oil, strawberries, blueberries, bananas, apples, baking_soda, vanilla_extract, enriched_flour,"
144,64,12/16/2014,12/21/2014,91,36,50.06,13.94,
145,60,3/3/2014,3/7/2014,91,3,16.4,43.6,
146,34.5,9/11/2012,9/14/2012,13,0,3.41,31.09,"sugar, brown_sugar, baking_powder, butter, milk, eggs, cocoa, chocolate_chips, walnuts, peanuts, salt, sprinkles, oil, strawberries, blueberries, bananas, apples, baking_soda, vanilla_extract, enriched_flour,"
147,13.93000031,4/18/2014,4/26/2014,92,6,5.69,8.24,
148,64.94999695,12/10/2013,12/13/2013,93,36,2.79,62.16,
149,78,6/11/2013,6/14/2013,20,22,29.27,48.73,"baking_powder, butter, milk, eggs, cocoa, chocolate_chips, walnuts, peanuts, salt, sprinkles, oil, strawberries, blueberries, bananas, apples, baking_soda, vanilla_extract, enriched_flour, sugar, brown_sugar,"
150,43,8/4/2013,8/7/2013,52,70,10.06,32.94,
151,13.23999977,2/25/2015,3/3/2015,24,54,0.48,12.76,
152,54,6/17/2014,6/25/2014,7,62,45.44,8.56,"butter, milk, eggs, cocoa, chocolate_chips, walnuts, peanuts, salt, sprinkles, oil, strawberries, blueberries, bananas, apples, baking_soda, vanilla_extract, enriched_flour, sugar, brown_sugar, baking_powder,"
153,25,6/14/2013,6/17/2013,46,78,9.8,15.2,"vanilla_extract, enriched_flour, sugar, brown_sugar, baking_powder, butter, milk, eggs, cocoa, chocolate_chips, walnuts, peanuts, salt, sprinkles, oil, strawberries, blueberries, bananas, apples, baking_soda,"
154,10.35999966,2/5/2015,2/10/2015,17,3,7.38,2.98,
155,48,3/15/2016,,56,52,16.11,31.89,
156,25,6/27/2014,7/2/2014,26,65,19.6,5.4,"milk, eggs, cocoa, chocolate_chips, walnuts, peanuts, salt, sprinkles, oil, strawberries, blueberries, bananas, apples, baking_soda, vanilla_extract, enriched_flour, sugar, brown_sugar, baking_powder, butter,"
157,69.98999786,1/9/2013,1/15/2013,20,44,66,3.99,"baking_soda, vanilla_extract, enriched_flour, sugar, brown_sugar, baking_powder, butter, milk, eggs, cocoa, chocolate_chips, walnuts, peanuts, salt, sprinkles, oil, strawberries, blueberries, bananas, apples,"
158,248.9799957,6/8/2012,6/11/2012,57,16,128.93,120.05,"cocoa, chocolate_chips, walnuts, peanuts, salt, sprinkles, oil, strawberries, blueberries, bananas, apples, baking_soda, vanilla_extract, enriched_flour, sugar, brown_sugar, baking_powder, butter, milk, eggs,"
159,34.90000153,,,79,2,17.92,16.98,"brown_sugar, baking_powder, butter, milk, eggs, cocoa, chocolate_chips, walnuts, peanuts, salt, sprinkles, oil, strawberries, blueberries, bananas, apples, baking_soda, vanilla_extract, enriched_flour, sugar,"
160,25,7/6/2014,7/9/2014,50,25,23.33,1.67,
161,54,9/13/2012,9/17/2012,4,51,42.77,11.23,"butter, milk, eggs, cocoa, chocolate_chips, walnuts, peanuts, salt, sprinkles, oil, strawberries, blueberries, bananas, apples, baking_soda, vanilla_extract, enriched_flour, sugar, brown_sugar, baking_powder,"
162,59.99000168,7/9/2014,7/16/2014,4,12,32.95,27.04,"baking_soda, vanilla_extract, enriched_flour, sugar, brown_sugar, baking_powder, butter, milk, eggs, cocoa, chocolate_chips, walnuts, peanuts, salt, sprinkles, oil, strawberries, blueberries, bananas, apples,"
163,25,10/11/2013,10/18/2013,47,87,12.9,12.1,"eggs, cocoa, chocolate_chips, walnuts, peanuts, salt, sprinkles, oil, strawberries, blueberries, bananas, apples, baking_soda, vanilla_extract, enriched_flour, sugar, brown_sugar, baking_powder, butter, milk,"
164,60,10/10/2013,10/16/2013,45,94,43.58,16.42,"vanilla_extract, enriched_flour, sugar, brown_sugar, baking_powder, butter, milk, eggs, cocoa, chocolate_chips, walnuts, peanuts, salt, sprinkles, oil, strawberries, blueberries, bananas, apples, baking_soda,"
165,23.95000076,12/6/2015,12/10/2015,1,23,13.52,10.43,"milk, eggs, cocoa, chocolate_chips, walnuts, peanuts, salt, sprinkles, oil, strawberries, blueberries, bananas, apples, baking_soda, vanilla_extract, enriched_flour, sugar, brown_sugar, baking_powder, butter,"
166,30,3/20/2012,3/25/2012,88,37,22.8,7.2,"sugar, brown_sugar, baking_powder, butter, milk, eggs, cocoa, chocolate_chips, walnuts, peanuts, salt, sprinkles, oil, strawberries, blueberries, bananas, apples, baking_soda, vanilla_extract, enriched_flour,"
167,54.99000168,5/31/2015,6/3/2015,49,25,25.35,29.64,"baking_powder, butter, milk, eggs, cocoa, chocolate_chips, walnuts, peanuts, salt, sprinkles, oil, strawberries, blueberries, bananas, apples, baking_soda, vanilla_extract, enriched_flour, sugar, brown_sugar,"
168,10.94999981,2/20/2015,2/25/2015,9,5,1.38,9.57,"baking_soda, vanilla_extract, enriched_flour, sugar, brown_sugar, baking_powder, butter, milk, eggs, cocoa, chocolate_chips, walnuts, peanuts, salt, sprinkles, oil, strawberries, blueberries, bananas, apples,"
169,62,10/25/2015,10/28/2015,69,79,6.84,55.16,"butter, milk, eggs, cocoa, chocolate_chips, walnuts, peanuts, salt, sprinkles, oil, strawberries, blueberries, bananas, apples, baking_soda, vanilla_extract, enriched_flour, sugar, brown_sugar, baking_powder,"
170,375,9/16/2013,9/22/2013,83,51,64.04,310.96,"eggs, cocoa, chocolate_chips, walnuts, peanuts, salt, sprinkles, oil, strawberries, blueberries, bananas, apples, baking_soda, vanilla_extract, enriched_flour, sugar, brown_sugar, baking_powder, butter, milk,"
171,25,5/14/2013,5/19/2013,51,83,9.31,15.69,"vanilla_extract, enriched_flour, sugar, brown_sugar, baking_powder, butter, milk, eggs, cocoa, chocolate_chips, walnuts, peanuts, salt, sprinkles, oil, strawberries, blueberries, bananas, apples, baking_soda,"
172,68,2/7/2014,2/15/2014,36,47,62.6,5.4,"vanilla_extract, enriched_flour, sugar, brown_sugar, baking_powder, butter, milk, eggs, cocoa, chocolate_chips, walnuts, peanuts, salt, sprinkles, oil, strawberries, blueberries, bananas, apples, baking_soda,"
173,36,2/10/2012,2/17/2012,1,18,4.95,31.05,"brown_sugar, baking_powder, butter, milk, eggs, cocoa, chocolate_chips, walnuts, peanuts, salt, sprinkles, oil, strawberries, blueberries, bananas, apples, baking_soda, vanilla_extract, enriched_flour, sugar,"
174,36.52999878,5/12/2015,5/15/2015,82,6,33.87,2.66,
175,50,2/3/2015,2/6/2015,68,17,5.74,44.26,"baking_soda, vanilla_extract, enriched_flour, sugar, brown_sugar, baking_powder, butter, milk, eggs, cocoa, chocolate_chips, walnuts, peanuts, salt, sprinkles, oil, strawberries, blueberries, bananas, apples,"
176,14.98999977,9/4/2015,9/7/2015,55,43,3.05,11.94,
177,16.98999977,4/10/2015,4/13/2015,32,84,12.72,4.27,"enriched_flour, sugar, brown_sugar, baking_powder, butter, milk, eggs, cocoa, chocolate_chips, walnuts, peanuts, salt, sprinkles, oil, strawberries, blueberries, bananas, apples, baking_soda, vanilla_extract,"
178,12.25,8/20/2013,8/25/2013,32,34,2.99,9.26,
179,25,5/22/2015,5/26/2015,58,71,16.17,8.83,"baking_powder, butter, milk, eggs, cocoa, chocolate_chips, walnuts, peanuts, salt, sprinkles, oil, strawberries, blueberries, bananas, apples, baking_soda, vanilla_extract, enriched_flour, sugar, brown_sugar,"
180,26,12/28/2012,12/31/2012,88,26,11.29,14.71,"brown_sugar, baking_powder, butter, milk, eggs, cocoa, chocolate_chips, walnuts, peanuts, salt, sprinkles, oil, strawberries, blueberries, bananas, apples, baking_soda, vanilla_extract, enriched_flour, sugar,"
181,69.98999786,3/12/2013,3/19/2013,57,94,14.25,55.74,
182,35.99000168,7/11/2014,7/16/2014,40,66,14.18,21.81,"baking_powder, butter, milk, eggs, cocoa, chocolate_chips, walnuts, peanuts, salt, sprinkles, oil, strawberries, blueberries, bananas, apples, baking_soda, vanilla_extract, enriched_flour, sugar, brown_sugar,"
183,75.11000061,3/22/2015,3/25/2015,52,90,12.05,63.06,"baking_powder, butter, milk, eggs, cocoa, chocolate_chips, walnuts, peanuts, salt, sprinkles, oil, strawberries, blueberries, bananas, apples, baking_soda, vanilla_extract, enriched_flour, sugar, brown_sugar,"
184,119.5,8/4/2015,8/10/2015,22,85,106.02,13.48,"enriched_flour, sugar, brown_sugar, baking_powder, butter, milk, eggs, cocoa, chocolate_chips, walnuts, peanuts, salt, sprinkles, oil, strawberries, blueberries, bananas, apples, baking_soda, vanilla_extract,"
185,8.789999962,5/8/2014,5/13/2014,74,57,0.76,8.03,
186,49.95000076,10/23/2012,10/30/2012,45,56,28.17,21.78,"milk, eggs, cocoa, chocolate_chips, walnuts, peanuts, salt, sprinkles, oil, strawberries, blueberries, bananas, apples, baking_soda, vanilla_extract, enriched_flour, sugar, brown_sugar, baking_powder, butter,"
187,109.9700012,2/9/2015,2/12/2015,41,65,28.09,81.88,"eggs, cocoa, chocolate_chips, walnuts, peanuts, salt, sprinkles, oil, strawberries, blueberries, bananas, apples, baking_soda, vanilla_extract, enriched_flour, sugar, brown_sugar, baking_powder, butter, milk,"
188,69.98999786,1/1/2015,1/8/2015,5,20,38.05,31.94,"butter, milk, eggs, cocoa, chocolate_chips, walnuts, peanuts, salt, sprinkles, oil, strawberries, blueberries, bananas, apples, baking_soda, vanilla_extract, enriched_flour, sugar, brown_sugar, baking_powder,"
189,35,7/27/2014,8/3/2014,30,12,15.85,19.15,
190,34.54999924,9/20/2013,9/23/2013,74,87,10.54,24.01,"baking_soda, vanilla_extract, enriched_flour, sugar, brown_sugar, baking_powder, butter, milk, eggs, cocoa, chocolate_chips, walnuts, peanuts, salt, sprinkles, oil, strawberries, blueberries, bananas, apples,"
191,59.99000168,3/1/2016,3/7/2016,63,63,49.89,10.1,"eggs, cocoa, chocolate_chips, walnuts, peanuts, salt, sprinkles, oil, strawberries, blueberries, bananas, apples, baking_soda, vanilla_extract, enriched_flour, sugar, brown_sugar, baking_powder, butter, milk,"
192,43.99000168,2/26/2016,3/1/2016,29,47,7.09,36.9,
193,11.48999977,10/16/2013,10/20/2013,32,6,10.37,1.12,"vanilla_extract, enriched_flour, sugar, brown_sugar, baking_powder, butter, milk, eggs, cocoa, chocolate_chips, walnuts, peanuts, salt, sprinkles, oil, strawberries, blueberries, bananas, apples, baking_soda,"
194,9.010000229,12/16/2014,12/19/2014,39,6,6.28,2.73,"baking_soda, vanilla_extract, enriched_flour, sugar, brown_sugar, baking_powder, butter, milk, eggs, cocoa, chocolate_chips, walnuts, peanuts, salt, sprinkles, oil, strawberries, blueberries, bananas, apples,"
195,11.89999962,3/15/2016,3/18/2016,45,81,2.08,9.82,"butter, milk, eggs, cocoa, chocolate_chips, walnuts, peanuts, salt, sprinkles, oil, strawberries, blueberries, bananas, apples, baking_soda, vanilla_extract, enriched_flour, sugar, brown_sugar, baking_powder,"
196,25,4/1/2015,4/6/2015,30,55,3.53,21.47,"butter, milk, eggs, cocoa, chocolate_chips, walnuts, peanuts, salt, sprinkles, oil, strawberries, blueberries, bananas, apples, baking_soda, vanilla_extract, enriched_flour, sugar, brown_sugar, baking_powder,"
197,39.99000168,9/11/2015,9/23/2015,99,92,19.04,20.95,"enriched_flour, sugar, brown_sugar, baking_powder, butter, milk, eggs, cocoa, chocolate_chips, walnuts, peanuts, salt, sprinkles, oil, strawberries, blueberries, bananas, apples, baking_soda, vanilla_extract,"
198,29.89999962,9/3/2012,9/7/2012,51,61,0.08,29.82,"baking_powder, butter, milk, eggs, cocoa, chocolate_chips, walnuts, peanuts, salt, sprinkles, oil, strawberries, blueberries, bananas, apples, baking_soda, vanilla_extract, enriched_flour, sugar, brown_sugar,"
199,34.99000168,12/15/2015,12/18/2015,84,56,2.03,32.96,"brown_sugar, baking_powder, butter, milk, eggs, cocoa, chocolate_chips, walnuts, peanuts, salt, sprinkles, oil, strawberries, blueberries, bananas, apples, baking_soda, vanilla_extract, enriched_flour, sugar,"
200,39,10/30/2015,11/2/2015,17,97,7.43,31.57,
201,12.98999977,5/18/2015,5/25/2015,86,27,0.6,12.39,"sugar, brown_sugar, baking_powder, butter, milk, eggs, cocoa, chocolate_chips, walnuts, peanuts, salt, sprinkles, oil, strawberries, blueberries, bananas, apples, baking_soda, vanilla_extract, enriched_flour,"
202,35,2/17/2015,2/22/2015,29,15,27.06,7.94,
203,10.98999977,6/19/2013,6/25/2013,90,42,9.87,1.12,
204,17.89999962,8/21/2014,8/25/2014,27,34,12.64,5.26,"baking_soda, vanilla_extract, enriched_flour, sugar, brown_sugar, baking_powder, butter, milk, eggs, cocoa, chocolate_chips, walnuts, peanuts, salt, sprinkles, oil, strawberries, blueberries, bananas, apples,"
205,34.99000168,8/19/2012,8/27/2012,34,9,21.32,13.67,"eggs, cocoa, chocolate_chips, walnuts, peanuts, salt, sprinkles, oil, strawberries, blueberries, bananas, apples, baking_soda, vanilla_extract, enriched_flour, sugar, brown_sugar, baking_powder, butter, milk,"
206,35,11/11/2015,11/15/2015,86,46,21.31,13.69,
207,14.98999977,,,48,41,3.76,11.23,"sugar, brown_sugar, baking_powder, butter, milk, eggs, cocoa, chocolate_chips, walnuts, peanuts, salt, sprinkles, oil, strawberries, blueberries, bananas, apples, baking_soda, vanilla_extract, enriched_flour,"
208,6.070000172,10/28/2012,10/31/2012,77,45,4.91,1.16,
209,75,10/13/2013,10/16/2013,40,85,32.63,42.37,
210,58,11/6/2015,11/14/2015,53,98,53.19,4.81,
211,16.98999977,9/21/2015,9/27/2015,38,22,7.15,9.84,
212,99.5,6/12/2013,6/18/2013,24,90,71.26,28.24,"milk, eggs, cocoa, chocolate_chips, walnuts, peanuts, salt, sprinkles, oil, strawberries, blueberries, bananas, apples, baking_soda, vanilla_extract, enriched_flour, sugar, brown_sugar, baking_powder, butter,"
213,69.98999786,12/17/2015,12/22/2015,41,68,53.29,16.7,
214,30,12/23/2014,12/26/2014,10,50,2.26,27.74,"vanilla_extract, enriched_flour, sugar, brown_sugar, baking_powder, butter, milk, eggs, cocoa, chocolate_chips, walnuts, peanuts, salt, sprinkles, oil, strawberries, blueberries, bananas, apples, baking_soda,"
215,36,6/11/2015,6/15/2015,30,96,22.93,13.07,"baking_soda, vanilla_extract, enriched_flour, sugar, brown_sugar, baking_powder, butter, milk, eggs, cocoa, chocolate_chips, walnuts, peanuts, salt, sprinkles, oil, strawberries, blueberries, bananas, apples,"
216,33.06999969,2/4/2016,2/8/2016,53,66,0.7,32.37,"milk, eggs, cocoa, chocolate_chips, walnuts, peanuts, salt, sprinkles, oil, strawberries, blueberries, bananas, apples, baking_soda, vanilla_extract, enriched_flour, sugar, brown_sugar, baking_powder, butter,"
217,25,3/6/2012,3/13/2012,56,4,14.64,10.36,"baking_soda, vanilla_extract, enriched_flour, sugar, brown_sugar, baking_powder, butter, milk, eggs, cocoa, chocolate_chips, walnuts, peanuts, salt, sprinkles, oil, strawberries, blueberries, bananas, apples,"
218,11.98999977,10/22/2015,10/27/2015,48,33,6.16,5.83,"milk, eggs, cocoa, chocolate_chips, walnuts, peanuts, salt, sprinkles, oil, strawberries, blueberries, bananas, apples, baking_soda, vanilla_extract, enriched_flour, sugar, brown_sugar, baking_powder, butter,"
219,100.9300003,12/27/2015,1/8/2016,97,58,89.59,11.34,
220,36,7/11/2013,7/15/2013,7,6,29.96,6.04,"sugar, brown_sugar, baking_powder, butter, milk, eggs, cocoa, chocolate_chips, walnuts, peanuts, salt, sprinkles, oil, strawberries, blueberries, bananas, apples, baking_soda, vanilla_extract, enriched_flour,"
221,32.99000168,6/23/2015,6/26/2015,78,50,13.04,19.95,"milk, eggs, cocoa, chocolate_chips, walnuts, peanuts, salt, sprinkles, oil, strawberries, blueberries, bananas, apples, baking_soda, vanilla_extract, enriched_flour, sugar, brown_sugar, baking_powder, butter,"
222,75.11000061,1/20/2015,1/23/2015,22,25,48.9,26.21,"vanilla_extract, enriched_flour, sugar, brown_sugar, baking_powder, butter, milk, eggs, cocoa, chocolate_chips, walnuts, peanuts, salt, sprinkles, oil, strawberries, blueberries, bananas, apples, baking_soda,"
223,68,12/1/2015,12/6/2015,78,85,35.95,32.05,"milk, eggs, cocoa, chocolate_chips, walnuts, peanuts, salt, sprinkles, oil, strawberries, blueberries, bananas, apples, baking_soda, vanilla_extract, enriched_flour, sugar, brown_sugar, baking_powder, butter,"
224,25,,,21,37,21.57,3.43,"butter, milk, eggs, cocoa, chocolate_chips, walnuts, peanuts, salt, sprinkles, oil, strawberries, blueberries, bananas, apples, baking_soda, vanilla_extract, enriched_flour, sugar, brown_sugar, baking_powder,"
225,78,7/5/2013,7/9/2013,96,68,6.64,71.36,"brown_sugar, baking_powder, butter, milk, eggs, cocoa, chocolate_chips, walnuts, peanuts, salt, sprinkles, oil, strawberries, blueberries, bananas, apples, baking_soda, vanilla_extract, enriched_flour, sugar,"
226,33.20999908,12/8/2015,12/13/2015,26,45,17.71,15.5,"cocoa, chocolate_chips, walnuts, peanuts, salt, sprinkles, oil, strawberries, blueberries, bananas, apples, baking_soda, vanilla_extract, enriched_flour, sugar, brown_sugar, baking_powder, butter, milk, eggs,"
227,33.75,11/5/2014,11/9/2014,94,19,28.38,5.37,
228,75.11000061,12/10/2015,12/15/2015,38,62,59.09,16.02,"brown_sugar, baking_powder, butter, milk, eggs, cocoa, chocolate_chips, walnuts, peanuts, salt, sprinkles, oil, strawberries, blueberries, bananas, apples, baking_soda, vanilla_extract, enriched_flour, sugar,"
229,19.95000076,6/12/2015,6/16/2015,61,95,4.92,15.03,"eggs, cocoa, chocolate_chips, walnuts, peanuts, salt, sprinkles, oil, strawberries, blueberries, bananas, apples, baking_soda, vanilla_extract, enriched_flour, sugar, brown_sugar, baking_powder, butter, milk,"
230,49.99000168,3/3/2015,3/6/2015,87,44,32.05,17.94,
231,25,3/7/2016,3/13/2016,61,22,16.98,8.02,"enriched_flour, sugar, brown_sugar, baking_powder, butter, milk, eggs, cocoa, chocolate_chips, walnuts, peanuts, salt, sprinkles, oil, strawberries, blueberries, bananas, apples, baking_soda, vanilla_extract,"
232,44.99000168,7/29/2014,8/1/2014,94,34,38.35,6.64,
233,30.09000015,3/17/2015,3/23/2015,41,23,13.07,17.02,"vanilla_extract, enriched_flour, sugar, brown_sugar, baking_powder, butter, milk, eggs, cocoa, chocolate_chips, walnuts, peanuts, salt, sprinkles, oil, strawberries, blueberries, bananas, apples, baking_soda,"
234,39.99000168,7/25/2013,7/30/2013,65,70,37.95,2.04,"brown_sugar, baking_powder, butter, milk, eggs, cocoa, chocolate_chips, walnuts, peanuts, salt, sprinkles, oil, strawberries, blueberries, bananas, apples, baking_soda, vanilla_extract, enriched_flour, sugar,"
235,44.40000153,5/22/2012,5/25/2012,61,82,0.1,44.3,"baking_soda, vanilla_extract, enriched_flour, sugar, brown_sugar, baking_powder, butter, milk, eggs, cocoa, chocolate_chips, walnuts, peanuts, salt, sprinkles, oil, strawberries, blueberries, bananas, apples,"
236,75.11000061,7/11/2012,7/15/2012,81,6,42.15,32.96,"enriched_flour, sugar, brown_sugar, baking_powder, butter, milk, eggs, cocoa, chocolate_chips, walnuts, peanuts, salt, sprinkles, oil, strawberries, blueberries, bananas, apples, baking_soda, vanilla_extract,"
237,34.5,8/17/2014,8/20/2014,52,44,21.64,12.86,"enriched_flour, sugar, brown_sugar, baking_powder, butter, milk, eggs, cocoa, chocolate_chips, walnuts, peanuts, salt, sprinkles, oil, strawberries, blueberries, bananas, apples, baking_soda, vanilla_extract,"
238,57.20000076,6/15/2015,6/18/2015,60,3,15.63,41.57,"eggs, cocoa, chocolate_chips, walnuts, peanuts, salt, sprinkles, oil, strawberries, blueberries, bananas, apples, baking_soda, vanilla_extract, enriched_flour, sugar, brown_sugar, baking_powder, butter, milk,"
239,61.59999847,11/30/2012,12/6/2012,67,18,32.06,29.54,"brown_sugar, baking_powder, butter, milk, eggs, cocoa, chocolate_chips, walnuts, peanuts, salt, sprinkles, oil, strawberries, blueberries, bananas, apples, baking_soda, vanilla_extract, enriched_flour, sugar,"
240,68,9/8/2015,9/15/2015,72,59,38.43,29.57,"sugar, brown_sugar, baking_powder, butter, milk, eggs, cocoa, chocolate_chips, walnuts, peanuts, salt, sprinkles, oil, strawberries, blueberries, bananas, apples, baking_soda, vanilla_extract, enriched_flour,"
241,25,12/29/2015,1/1/2016,46,20,22.17,2.83,
242,32.95000076,7/16/2015,7/20/2015,79,7,21.12,11.83,"brown_sugar, baking_powder, butter, milk, eggs, cocoa, chocolate_chips, walnuts, peanuts, salt, sprinkles, oil, strawberries, blueberries, bananas, apples, baking_soda, vanilla_extract, enriched_flour, sugar,"
243,18,9/14/2014,9/17/2014,32,24,0.21,17.79,
244,42,12/14/2015,12/17/2015,56,29,40.9,1.1,"vanilla_extract, enriched_flour, sugar, brown_sugar, baking_powder, butter, milk, eggs, cocoa, chocolate_chips, walnuts, peanuts, salt, sprinkles, oil, strawberries, blueberries, bananas, apples, baking_soda,"
245,20.98999977,2/14/2016,2/23/2016,83,49,8.66,12.33,
246,48,12/15/2015,12/20/2015,50,62,24.72,23.28,
247,64,2/1/2016,2/7/2016,72,78,47.36,16.64,"baking_soda, vanilla_extract, enriched_flour, sugar, brown_sugar, baking_powder, butter, milk, eggs, cocoa, chocolate_chips, walnuts, peanuts, salt, sprinkles, oil, strawberries, blueberries, bananas, apples,"
248,68,10/24/2013,10/31/2013,35,78,39.94,28.06,"brown_sugar, baking_powder, butter, milk, eggs, cocoa, chocolate_chips, walnuts, peanuts, salt, sprinkles, oil, strawberries, blueberries, bananas, apples, baking_soda, vanilla_extract, enriched_flour, sugar,"
249,34.99000168,3/16/2016,,91,17,19.06,15.93,"baking_soda, vanilla_extract, enriched_flour, sugar, brown_sugar, baking_powder, butter, milk, eggs, cocoa, chocolate_chips, walnuts, peanuts, salt, sprinkles, oil, strawberries, blueberries, bananas, apples,"
250,25,7/30/2015,8/6/2015,26,85,20.31,4.69,"vanilla_extract, enriched_flour, sugar, brown_sugar, baking_powder, butter, milk, eggs, cocoa, chocolate_chips, walnuts, peanuts, salt, sprinkles, oil, strawberries, blueberries, bananas, apples, baking_soda,"
251,57,3/24/2015,3/30/2015,56,69,15.38,41.62,"brown_sugar, baking_powder, butter, milk, eggs, cocoa, chocolate_chips, walnuts, peanuts, salt, sprinkles, oil, strawberries, blueberries, bananas, apples, baking_soda, vanilla_extract, enriched_flour, sugar,"
252,26,2/4/2014,2/9/2014,34,9,9.85,16.15,"vanilla_extract, enriched_flour, sugar, brown_sugar, baking_powder, butter, milk, eggs, cocoa, chocolate_chips, walnuts, peanuts, salt, sprinkles, oil, strawberries, blueberries, bananas, apples, baking_soda,"
253,75.11000061,1/31/2016,2/4/2016,2,64,73.49,1.62,"vanilla_extract, enriched_flour, sugar, brown_sugar, baking_powder, butter, milk, eggs, cocoa, chocolate_chips, walnuts, peanuts, salt, sprinkles, oil, strawberries, blueberries, bananas, apples, baking_soda,"
254,49.5,1/21/2015,1/28/2015,91,90,12.69,36.81,
255,70,3/10/2015,3/13/2015,28,23,7.82,62.18,"sugar, brown_sugar, baking_powder, butter, milk, eggs, cocoa, chocolate_chips, walnuts, peanuts, salt, sprinkles, oil, strawberries, blueberries, bananas, apples, baking_soda, vanilla_extract, enriched_flour,"
256,18.69000053,1/11/2015,1/14/2015,67,37,1.38,17.31,
257,12.39999962,9/5/2012,9/9/2012,49,75,9.71,2.69,
258,79.98999786,7/18/2013,7/22/2013,90,81,73.41,6.58,"baking_powder, butter, milk, eggs, cocoa, chocolate_chips, walnuts, peanuts, salt, sprinkles, oil, strawberries, blueberries, bananas, apples, baking_soda, vanilla_extract, enriched_flour, sugar, brown_sugar,"
259,44.79000092,7/22/2015,7/30/2015,59,60,10.39,34.4,
260,75.11000061,6/2/2013,6/5/2013,95,27,58.16,16.95,
261,21,10/29/2013,11/3/2013,72,4,15.46,5.54,
262,11.01000023,12/29/2014,1/8/2015,78,14,3.16,7.85,
263,8.470000267,3/23/2014,3/26/2014,89,53,4.12,4.35,"baking_powder, butter, milk, eggs, cocoa, chocolate_chips, walnuts, peanuts, salt, sprinkles, oil, strawberries, blueberries, bananas, apples, baking_soda, vanilla_extract, enriched_flour, sugar, brown_sugar,"
264,49,12/6/2013,12/11/2013,26,73,21.1,27.9,"butter, milk, eggs, cocoa, chocolate_chips, walnuts, peanuts, salt, sprinkles, oil, strawberries, blueberries, bananas, apples, baking_soda, vanilla_extract, enriched_flour, sugar, brown_sugar, baking_powder,"
265,34.99000168,1/7/2013,1/15/2013,67,36,19.39,15.6,"sugar, brown_sugar, baking_powder, butter, milk, eggs, cocoa, chocolate_chips, walnuts, peanuts, salt, sprinkles, oil, strawberries, blueberries, bananas, apples, baking_soda, vanilla_extract, enriched_flour,"
266,25,12/30/2015,1/3/2016,15,27,10,15,"enriched_flour, sugar, brown_sugar, baking_powder, butter, milk, eggs, cocoa, chocolate_chips, walnuts, peanuts, salt, sprinkles, oil, strawberries, blueberries, bananas, apples, baking_soda, vanilla_extract,"
267,25,10/27/2015,11/3/2015,21,57,16.84,8.16,
268,54,9/23/2015,10/1/2015,4,17,3.36,50.64,"eggs, cocoa, chocolate_chips, walnuts, peanuts, salt, sprinkles, oil, strawberries, blueberries, bananas, apples, baking_soda, vanilla_extract, enriched_flour, sugar, brown_sugar, baking_powder, butter, milk,"
269,13.98999977,4/28/2015,5/1/2015,94,99,0.31,13.68,
270,37,9/21/2014,9/24/2014,96,96,22.35,14.65,"baking_powder, butter, milk, eggs, cocoa, chocolate_chips, walnuts, peanuts, salt, sprinkles, oil, strawberries, blueberries, bananas, apples, baking_soda, vanilla_extract, enriched_flour, sugar, brown_sugar,"
271,68,12/17/2015,12/25/2015,63,49,56.94,11.06,
272,130,9/26/2014,9/29/2014,8,39,32.73,97.27,
273,18.89999962,7/11/2015,7/14/2015,74,39,16.74,2.16,"butter, milk, eggs, cocoa, chocolate_chips, walnuts, peanuts, salt, sprinkles, oil, strawberries, blueberries, bananas, apples, baking_soda, vanilla_extract, enriched_flour, sugar, brown_sugar, baking_powder,"
274,25,4/5/2013,4/8/2013,79,37,8.37,16.63,
275,68,2/25/2016,2/29/2016,32,51,3.31,64.69,"baking_powder, butter, milk, eggs, cocoa, chocolate_chips, walnuts, peanuts, salt, sprinkles, oil, strawberries, blueberries, bananas, apples, baking_soda, vanilla_extract, enriched_flour, sugar, brown_sugar,"
276,34.99000168,7/28/2014,8/4/2014,77,56,29.59,5.4,
277,64,12/10/2014,12/14/2014,85,73,44.77,19.23,"cocoa, chocolate_chips, walnuts, peanuts, salt, sprinkles, oil, strawberries, blueberries, bananas, apples, baking_soda, vanilla_extract, enriched_flour, sugar, brown_sugar, baking_powder, butter, milk, eggs,"
278,25.95000076,3/4/2013,3/7/2013,17,90,7.39,18.56,"eggs, cocoa, chocolate_chips, walnuts, peanuts, salt, sprinkles, oil, strawberries, blueberries, bananas, apples, baking_soda, vanilla_extract, enriched_flour, sugar, brown_sugar, baking_powder, butter, milk,"
279,36.99000168,9/16/2015,9/24/2015,26,86,33.35,3.64,"brown_sugar, baking_powder, butter, milk, eggs, cocoa, chocolate_chips, walnuts, peanuts, salt, sprinkles, oil, strawberries, blueberries, bananas, apples, baking_soda, vanilla_extract, enriched_flour, sugar,"
280,75.11000061,10/13/2015,10/20/2015,51,55,68.45,6.66,
281,32.90000153,3/11/2016,3/15/2016,47,83,3.06,29.84,"baking_powder, butter, milk, eggs, cocoa, chocolate_chips, walnuts, peanuts, salt, sprinkles, oil, strawberries, blueberries, bananas, apples, baking_soda, vanilla_extract, enriched_flour, sugar, brown_sugar,"
282,25,2/22/2016,2/29/2016,52,100,22.95,2.05,"enriched_flour, sugar, brown_sugar, baking_powder, butter, milk, eggs, cocoa, chocolate_chips, walnuts, peanuts, salt, sprinkles, oil, strawberries, blueberries, bananas, apples, baking_soda, vanilla_extract,"
283,54,10/27/2015,11/3/2015,38,10,32.97,21.03,"baking_powder, butter, milk, eggs, cocoa, chocolate_chips, walnuts, peanuts, salt, sprinkles, oil, strawberries, blueberries, bananas, apples, baking_soda, vanilla_extract, enriched_flour, sugar, brown_sugar,"
284,59.5,2/22/2013,3/1/2013,30,96,23.8,35.7,"baking_soda, vanilla_extract, enriched_flour, sugar, brown_sugar, baking_powder, butter, milk, eggs, cocoa, chocolate_chips, walnuts, peanuts, salt, sprinkles, oil, strawberries, blueberries, bananas, apples,"
285,44.40000153,,,68,59,6.16,38.24,"enriched_flour, sugar, brown_sugar, baking_powder, butter, milk, eggs, cocoa, chocolate_chips, walnuts, peanuts, salt, sprinkles, oil, strawberries, blueberries, bananas, apples, baking_soda, vanilla_extract,"
286,15.98999977,3/26/2013,3/31/2013,14,56,5.16,10.83,"cocoa, chocolate_chips, walnuts, peanuts, salt, sprinkles, oil, strawberries, blueberries, bananas, apples, baking_soda, vanilla_extract, enriched_flour, sugar, brown_sugar, baking_powder, butter, milk, eggs,"
287,19.98999977,10/27/2013,10/31/2013,85,100,0.77,19.22,"cocoa, chocolate_chips, walnuts, peanuts, salt, sprinkles, oil, strawberries, blueberries, bananas, apples, baking_soda, vanilla_extract, enriched_flour, sugar, brown_sugar, baking_powder, butter, milk, eggs,"
288,44.99000168,7/24/2014,7/28/2014,24,17,3.04,41.95,"butter, milk, eggs, cocoa, chocolate_chips, walnuts, peanuts, salt, sprinkles, oil, strawberries, blueberries, bananas, apples, baking_soda, vanilla_extract, enriched_flour, sugar, brown_sugar, baking_powder,"
289,54.5,5/1/2014,5/5/2014,7,43,23,31.5,"brown_sugar, baking_powder, butter, milk, eggs, cocoa, chocolate_chips, walnuts, peanuts, salt, sprinkles, oil, strawberries, blueberries, bananas, apples, baking_soda, vanilla_extract, enriched_flour, sugar,"
290,49.99000168,10/12/2014,10/15/2014,32,30,32.71,17.28,
291,59.95000076,3/9/2012,3/12/2012,46,94,52.86,7.09,
292,8.350000381,4/29/2015,5/6/2015,90,35,7.07,1.28,"sugar, brown_sugar, baking_powder, butter, milk, eggs, cocoa, chocolate_chips, walnuts, peanuts, salt, sprinkles, oil, strawberries, blueberries, bananas, apples, baking_soda, vanilla_extract, enriched_flour,"
293,68,11/19/2015,11/24/2015,64,36,36.18,31.82,"baking_soda, vanilla_extract, enriched_flour, sugar, brown_sugar, baking_powder, butter, milk, eggs, cocoa, chocolate_chips, walnuts, peanuts, salt, sprinkles, oil, strawberries, blueberries, bananas, apples,"
294,44.99000168,10/27/2014,11/2/2014,11,20,17.77,27.22,"butter, milk, eggs, cocoa, chocolate_chips, walnuts, peanuts, salt, sprinkles, oil, strawberries, blueberries, bananas, apples, baking_soda, vanilla_extract, enriched_flour, sugar, brown_sugar, baking_powder,"
295,24.98999977,2/15/2015,2/18/2015,14,7,3.15,21.84,"baking_powder, butter, milk, eggs, cocoa, chocolate_chips, walnuts, peanuts, salt, sprinkles, oil, strawberries, blueberries, bananas, apples, baking_soda, vanilla_extract, enriched_flour, sugar, brown_sugar,"
296,24.98999977,2/23/2016,3/1/2016,72,68,15.37,9.62,"brown_sugar, baking_powder, butter, milk, eggs, cocoa, chocolate_chips, walnuts, peanuts, salt, sprinkles, oil, strawberries, blueberries, bananas, apples, baking_soda, vanilla_extract, enriched_flour, sugar,"
297,45,7/7/2014,7/14/2014,94,9,16.16,28.84,"vanilla_extract, enriched_flour, sugar, brown_sugar, baking_powder, butter, milk, eggs, cocoa, chocolate_chips, walnuts, peanuts, salt, sprinkles, oil, strawberries, blueberries, bananas, apples, baking_soda,"
298,149.9799957,12/17/2013,12/23/2013,45,81,118.45,31.53,
299,25,4/21/2013,4/26/2013,87,63,12.26,12.74,"brown_sugar, baking_powder, butter, milk, eggs, cocoa, chocolate_chips, walnuts, peanuts, salt, sprinkles, oil, strawberries, blueberries, bananas, apples, baking_soda, vanilla_extract, enriched_flour, sugar,"
300,52.59000015,7/30/2013,8/4/2013,95,53,21,31.59,"vanilla_extract, enriched_flour, sugar, brown_sugar, baking_powder, butter, milk, eggs, cocoa, chocolate_chips, walnuts, peanuts, salt, sprinkles, oil, strawberries, blueberries, bananas, apples, baking_soda,"
301,109.9899979,6/5/2014,6/10/2014,63,58,73.82,36.17,
302,68,3/14/2016,,90,42,62.21,5.79,
303,48,3/21/2012,3/25/2012,65,41,42.24,5.76,"cocoa, chocolate_chips, walnuts, peanuts, salt, sprinkles, oil, strawberries, blueberries, bananas, apples, baking_soda, vanilla_extract, enriched_flour, sugar, brown_sugar, baking_powder, butter, milk, eggs,"
304,25.95000076,12/23/2012,12/27/2012,27,2,3.39,22.56,
305,39.99000168,3/19/2012,3/22/2012,45,36,21.22,18.77,
306,59.99000168,8/6/2015,8/11/2015,69,56,35.08,24.91,"sugar, brown_sugar, baking_powder, butter, milk, eggs, cocoa, chocolate_chips, walnuts, peanuts, salt, sprinkles, oil, strawberries, blueberries, bananas, apples, baking_soda, vanilla_extract, enriched_flour,"
307,25,3/26/2013,3/29/2013,85,34,5.73,19.27,"sugar, brown_sugar, baking_powder, butter, milk, eggs, cocoa, chocolate_chips, walnuts, peanuts, salt, sprinkles, oil, strawberries, blueberries, bananas, apples, baking_soda, vanilla_extract, enriched_flour,"
308,34.99000168,1/25/2016,1/29/2016,75,30,30.03,4.96,"vanilla_extract, enriched_flour, sugar, brown_sugar, baking_powder, butter, milk, eggs, cocoa, chocolate_chips, walnuts, peanuts, salt, sprinkles, oil, strawberries, blueberries, bananas, apples, baking_soda,"
309,77.40000153,1/21/2013,1/25/2013,44,74,48.14,29.26,
310,75.11000061,10/23/2014,10/28/2014,43,36,69.88,5.23,"vanilla_extract, enriched_flour, sugar, brown_sugar, baking_powder, butter, milk, eggs, cocoa, chocolate_chips, walnuts, peanuts, salt, sprinkles, oil, strawberries, blueberries, bananas, apples, baking_soda,"
311,39.99000168,11/17/2015,11/23/2015,82,38,39.78,0.21,"vanilla_extract, enriched_flour, sugar, brown_sugar, baking_powder, butter, milk, eggs, cocoa, chocolate_chips, walnuts, peanuts, salt, sprinkles, oil, strawberries, blueberries, bananas, apples, baking_soda,"
312,25,11/16/2014,11/19/2014,89,18,24.55,0.45,"vanilla_extract, enriched_flour, sugar, brown_sugar, baking_powder, butter, milk, eggs, cocoa, chocolate_chips, walnuts, peanuts, salt, sprinkles, oil, strawberries, blueberries, bananas, apples, baking_soda,"
313,17.98999977,4/19/2015,4/22/2015,61,48,9.15,8.84,"vanilla_extract, enriched_flour, sugar, brown_sugar, baking_powder, butter, milk, eggs, cocoa, chocolate_chips, walnuts, peanuts, salt, sprinkles, oil, strawberries, blueberries, bananas, apples, baking_soda,"
314,7.989999771,4/17/2014,4/22/2014,49,35,2.28,5.71,"sugar, brown_sugar, baking_powder, butter, milk, eggs, cocoa, chocolate_chips, walnuts, peanuts, salt, sprinkles, oil, strawberries, blueberries, bananas, apples, baking_soda, vanilla_extract, enriched_flour,"
315,21.98999977,5/8/2015,5/12/2015,66,66,2.25,19.74,"baking_soda, vanilla_extract, enriched_flour, sugar, brown_sugar, baking_powder, butter, milk, eggs, cocoa, chocolate_chips, walnuts, peanuts, salt, sprinkles, oil, strawberries, blueberries, bananas, apples,"
316,9.18999958,12/21/2015,12/24/2015,96,83,2.89,6.3,
317,29.45000076,10/22/2013,10/27/2013,28,69,22.56,6.89,
318,27.98999977,4/30/2013,5/5/2013,65,10,18.86,9.13,"butter, milk, eggs, cocoa, chocolate_chips, walnuts, peanuts, salt, sprinkles, oil, strawberries, blueberries, bananas, apples, baking_soda, vanilla_extract, enriched_flour, sugar, brown_sugar, baking_powder,"
319,19.81999969,6/2/2013,6/5/2013,44,35,7.15,12.67,"vanilla_extract, enriched_flour, sugar, brown_sugar, baking_powder, butter, milk, eggs, cocoa, chocolate_chips, walnuts, peanuts, salt, sprinkles, oil, strawberries, blueberries, bananas, apples, baking_soda,"
320,10.98999977,9/22/2014,9/26/2014,50,64,5.21,5.78,
321,25,1/11/2016,1/14/2016,36,77,9.94,15.06,"sugar, brown_sugar, baking_powder, butter, milk, eggs, cocoa, chocolate_chips, walnuts, peanuts, salt, sprinkles, oil, strawberries, blueberries, bananas, apples, baking_soda, vanilla_extract, enriched_flour,"
322,68,4/24/2015,4/27/2015,23,11,54.11,13.89,"baking_soda, vanilla_extract, enriched_flour, sugar, brown_sugar, baking_powder, butter, milk, eggs, cocoa, chocolate_chips, walnuts, peanuts, salt, sprinkles, oil, strawberries, blueberries, bananas, apples,"
323,38.59000015,3/8/2013,3/11/2013,75,52,21.44,17.15,"sugar, brown_sugar, baking_powder, butter, milk, eggs, cocoa, chocolate_chips, walnuts, peanuts, salt, sprinkles, oil, strawberries, blueberries, bananas, apples, baking_soda, vanilla_extract, enriched_flour,"
324,9.329999924,6/30/2015,7/3/2015,89,11,3.08,6.25,"baking_powder, butter, milk, eggs, cocoa, chocolate_chips, walnuts, peanuts, salt, sprinkles, oil, strawberries, blueberries, bananas, apples, baking_soda, vanilla_extract, enriched_flour, sugar, brown_sugar,"
325,31.98999977,9/25/2015,9/28/2015,22,86,24.58,7.41,
326,28.55999947,11/22/2015,11/27/2015,96,32,27.55,1.01,"enriched_flour, sugar, brown_sugar, baking_powder, butter, milk, eggs, cocoa, chocolate_chips, walnuts, peanuts, salt, sprinkles, oil, strawberries, blueberries, bananas, apples, baking_soda, vanilla_extract,"
327,59.99000168,3/11/2014,3/16/2014,56,10,1.24,58.75,"baking_soda, vanilla_extract, enriched_flour, sugar, brown_sugar, baking_powder, butter, milk, eggs, cocoa, chocolate_chips, walnuts, peanuts, salt, sprinkles, oil, strawberries, blueberries, bananas, apples,"
328,10.90999985,8/22/2013,8/27/2013,27,89,4.28,6.63,"sugar, brown_sugar, baking_powder, butter, milk, eggs, cocoa, chocolate_chips, walnuts, peanuts, salt, sprinkles, oil, strawberries, blueberries, bananas, apples, baking_soda, vanilla_extract, enriched_flour,"
329,44.93999863,7/12/2013,7/19/2013,61,67,25.05,19.89,
330,75.11000061,2/4/2016,2/9/2016,83,6,65.31,9.8,"vanilla_extract, enriched_flour, sugar, brown_sugar, baking_powder, butter, milk, eggs, cocoa, chocolate_chips, walnuts, peanuts, salt, sprinkles, oil, strawberries, blueberries, bananas, apples, baking_soda,"
331,29.98999977,1/2/2015,1/7/2015,64,66,13.4,16.59,
332,11.98999977,11/3/2014,11/6/2014,14,21,11.53,0.46,"milk, eggs, cocoa, chocolate_chips, walnuts, peanuts, salt, sprinkles, oil, strawberries, blueberries, bananas, apples, baking_soda, vanilla_extract, enriched_flour, sugar, brown_sugar, baking_powder, butter,"
333,40.59999847,4/22/2015,4/26/2015,22,41,14.65,25.95,
334,25,2/4/2015,2/8/2015,77,29,1.17,23.83,
335,54,3/24/2015,3/27/2015,35,49,48.37,5.63,"sugar, brown_sugar, baking_powder, butter, milk, eggs, cocoa, chocolate_chips, walnuts, peanuts, salt, sprinkles, oil, strawberries, blueberries, bananas, apples, baking_soda, vanilla_extract, enriched_flour,"
336,19.98999977,,,1,64,9.17,10.82,"baking_soda, vanilla_extract, enriched_flour, sugar, brown_sugar, baking_powder, butter, milk, eggs, cocoa, chocolate_chips, walnuts, peanuts, salt, sprinkles, oil, strawberries, blueberries, bananas, apples,"
337,75.11000061,11/24/2015,11/29/2015,87,77,7.05,68.06,"enriched_flour, sugar, brown_sugar, baking_powder, butter, milk, eggs, cocoa, chocolate_chips, walnuts, peanuts, salt, sprinkles, oil, strawberries, blueberries, bananas, apples, baking_soda, vanilla_extract,"
338,64,2/22/2015,2/27/2015,0,14,13.81,50.19,
339,80.22000122,2/12/2016,2/17/2016,29,14,35.1,45.12,
340,25,9/29/2015,10/2/2015,25,5,19.47,5.53,"baking_powder, butter, milk, eggs, cocoa, chocolate_chips, walnuts, peanuts, salt, sprinkles, oil, strawberries, blueberries, bananas, apples, baking_soda, vanilla_extract, enriched_flour, sugar, brown_sugar,"
341,68,2/19/2014,2/23/2014,68,4,60.77,7.23,
342,25,,,91,12,2.02,22.98,
343,13.89999962,10/12/2015,10/16/2015,78,41,4.03,9.87,
344,119.9499969,3/13/2016,,26,91,9.91,110.04,"enriched_flour, sugar, brown_sugar, baking_powder, butter, milk, eggs, cocoa, chocolate_chips, walnuts, peanuts, salt, sprinkles, oil, strawberries, blueberries, bananas, apples, baking_soda, vanilla_extract,"
345,59.95000076,2/3/2016,2/8/2016,76,94,48.77,11.18,
346,68,4/5/2012,4/13/2012,37,65,59.05,8.95,"enriched_flour, sugar, brown_sugar, baking_powder, butter, milk, eggs, cocoa, chocolate_chips, walnuts, peanuts, salt, sprinkles, oil, strawberries, blueberries, bananas, apples, baking_soda, vanilla_extract,"
347,54.68000031,11/28/2013,12/2/2013,83,33,39.41,15.27,
348,36,4/16/2012,4/20/2012,2,53,12.94,23.06,"sugar, brown_sugar, baking_powder, butter, milk, eggs, cocoa, chocolate_chips, walnuts, peanuts, salt, sprinkles, oil, strawberries, blueberries, bananas, apples, baking_soda, vanilla_extract, enriched_flour,"
349,68,5/25/2015,5/31/2015,9,39,67.85,0.15,
350,25,4/22/2013,4/25/2013,1,61,16.12,8.88,
351,59.99000168,8/13/2013,8/16/2013,79,65,38.97,21.02,
352,18.89999962,12/30/2014,1/4/2015,34,72,17,1.9,"enriched_flour, sugar, brown_sugar, baking_powder, butter, milk, eggs, cocoa, chocolate_chips, walnuts, peanuts, salt, sprinkles, oil, strawberries, blueberries, bananas, apples, baking_soda, vanilla_extract,"
353,64,12/27/2015,12/30/2015,26,80,10.42,53.58,
354,48.97999954,12/28/2012,1/5/2013,87,46,10.63,38.35,"milk, eggs, cocoa, chocolate_chips, walnuts, peanuts, salt, sprinkles, oil, strawberries, blueberries, bananas, apples, baking_soda, vanilla_extract, enriched_flour, sugar, brown_sugar, baking_powder, butter,"
355,59.95000076,10/9/2015,10/12/2015,8,38,55.46,4.49,"butter, milk, eggs, cocoa, chocolate_chips, walnuts, peanuts, salt, sprinkles, oil, strawberries, blueberries, bananas, apples, baking_soda, vanilla_extract, enriched_flour, sugar, brown_sugar, baking_powder,"
356,60.99000168,4/10/2012,4/15/2012,35,15,4.1,56.89,
357,44.97999954,10/24/2012,10/30/2012,9,53,29.33,15.65,"baking_soda, vanilla_extract, enriched_flour, sugar, brown_sugar, baking_powder, butter, milk, eggs, cocoa, chocolate_chips, walnuts, peanuts, salt, sprinkles, oil, strawberries, blueberries, bananas, apples,"
358,25,2/25/2016,3/4/2016,28,78,17.69,7.31,"brown_sugar, baking_powder, butter, milk, eggs, cocoa, chocolate_chips, walnuts, peanuts, salt, sprinkles, oil, strawberries, blueberries, bananas, apples, baking_soda, vanilla_extract, enriched_flour, sugar,"
359,39.99000168,9/23/2013,9/26/2013,92,50,3.3,36.69,"enriched_flour, sugar, brown_sugar, baking_powder, butter, milk, eggs, cocoa, chocolate_chips, walnuts, peanuts, salt, sprinkles, oil, strawberries, blueberries, bananas, apples, baking_soda, vanilla_extract,"
360,36.84000015,6/3/2014,6/6/2014,65,84,15.1,21.74,
361,64,1/17/2016,1/22/2016,75,6,50.55,13.45,
362,11.89999962,1/14/2013,1/18/2013,20,44,5,6.9,"enriched_flour, sugar, brown_sugar, baking_powder, butter, milk, eggs, cocoa, chocolate_chips, walnuts, peanuts, salt, sprinkles, oil, strawberries, blueberries, bananas, apples, baking_soda, vanilla_extract,"
363,17.04999924,1/13/2016,1/20/2016,68,32,11.79,5.26,
364,37.99000168,2/24/2012,2/28/2012,50,17,25.11,12.88,
365,22,3/8/2015,3/11/2015,47,30,14.15,7.85,
366,29.98999977,3/11/2015,3/15/2015,15,84,21.41,8.58,"vanilla_extract, enriched_flour, sugar, brown_sugar, baking_powder, butter, milk, eggs, cocoa, chocolate_chips, walnuts, peanuts, salt, sprinkles, oil, strawberries, blueberries, bananas, apples, baking_soda,"
367,64,8/14/2015,8/17/2015,21,39,55.81,8.19,
368,68,3/31/2014,4/6/2014,61,10,63.7,4.3,"brown_sugar, baking_powder, butter, milk, eggs, cocoa, chocolate_chips, walnuts, peanuts, salt, sprinkles, oil, strawberries, blueberries, bananas, apples, baking_soda, vanilla_extract, enriched_flour, sugar,"
369,48.97999954,12/13/2013,12/20/2013,61,63,6.61,42.37,"butter, milk, eggs, cocoa, chocolate_chips, walnuts, peanuts, salt, sprinkles, oil, strawberries, blueberries, bananas, apples, baking_soda, vanilla_extract, enriched_flour, sugar, brown_sugar, baking_powder,"
370,10,10/18/2015,10/21/2015,43,30,5.51,4.49,
371,58,3/7/2016,3/10/2016,53,18,51.95,6.05,
372,39.99000168,4/28/2013,5/3/2013,63,18,22.97,17.02,"milk, eggs, cocoa, chocolate_chips, walnuts, peanuts, salt, sprinkles, oil, strawberries, blueberries, bananas, apples, baking_soda, vanilla_extract, enriched_flour, sugar, brown_sugar, baking_powder, butter,"
373,59.95000076,2/8/2015,2/11/2015,22,56,25.13,34.82,"eggs, cocoa, chocolate_chips, walnuts, peanuts, salt, sprinkles, oil, strawberries, blueberries, bananas, apples, baking_soda, vanilla_extract, enriched_flour, sugar, brown_sugar, baking_powder, butter, milk,"
374,68,2/21/2016,2/24/2016,76,36,24.04,43.96,"baking_soda, vanilla_extract, enriched_flour, sugar, brown_sugar, baking_powder, butter, milk, eggs, cocoa, chocolate_chips, walnuts, peanuts, salt, sprinkles, oil, strawberries, blueberries, bananas, apples,"
375,68,7/8/2014,7/13/2014,25,59,22.29,45.71,"milk, eggs, cocoa, chocolate_chips, walnuts, peanuts, salt, sprinkles, oil, strawberries, blueberries, bananas, apples, baking_soda, vanilla_extract, enriched_flour, sugar, brown_sugar, baking_powder, butter,"
376,258.9899902,11/24/2014,11/27/2014,88,26,172.93,86.06,"enriched_flour, sugar, brown_sugar, baking_powder, butter, milk, eggs, cocoa, chocolate_chips, walnuts, peanuts, salt, sprinkles, oil, strawberries, blueberries, bananas, apples, baking_soda, vanilla_extract,"
377,34.99000168,3/13/2014,3/18/2014,11,68,5.19,29.8,"butter, milk, eggs, cocoa, chocolate_chips, walnuts, peanuts, salt, sprinkles, oil, strawberries, blueberries, bananas, apples, baking_soda, vanilla_extract, enriched_flour, sugar, brown_sugar, baking_powder,"
378,20.98999977,8/5/2014,8/10/2014,13,95,3.86,17.13,"butter, milk, eggs, cocoa, chocolate_chips, walnuts, peanuts, salt, sprinkles, oil, strawberries, blueberries, bananas, apples, baking_soda, vanilla_extract, enriched_flour, sugar, brown_sugar, baking_powder,"
379,15.32999992,2/21/2014,2/28/2014,83,97,1.8,13.53,"cocoa, chocolate_chips, walnuts, peanuts, salt, sprinkles, oil, strawberries, blueberries, bananas, apples, baking_soda, vanilla_extract, enriched_flour, sugar, brown_sugar, baking_powder, butter, milk, eggs,"
380,396,7/17/2015,7/20/2015,9,17,155.51,240.49,"vanilla_extract, enriched_flour, sugar, brown_sugar, baking_powder, butter, milk, eggs, cocoa, chocolate_chips, walnuts, peanuts, salt, sprinkles, oil, strawberries, blueberries, bananas, apples, baking_soda,"
381,52.79000092,7/14/2014,7/18/2014,63,95,18.09,34.7,"cocoa, chocolate_chips, walnuts, peanuts, salt, sprinkles, oil, strawberries, blueberries, bananas, apples, baking_soda, vanilla_extract, enriched_flour, sugar, brown_sugar, baking_powder, butter, milk, eggs,"
382,129,3/20/2014,3/27/2014,26,18,63.53,65.47,"baking_powder, butter, milk, eggs, cocoa, chocolate_chips, walnuts, peanuts, salt, sprinkles, oil, strawberries, blueberries, bananas, apples, baking_soda, vanilla_extract, enriched_flour, sugar, brown_sugar,"
383,11.03999996,10/14/2014,10/19/2014,34,57,4.23,6.81,
384,12.98999977,10/6/2015,10/9/2015,89,98,0.58,12.41,
385,24.98999977,1/11/2015,1/15/2015,25,47,7.19,17.8,"cocoa, chocolate_chips, walnuts, peanuts, salt, sprinkles, oil, strawberries, blueberries, bananas, apples, baking_soda, vanilla_extract, enriched_flour, sugar, brown_sugar, baking_powder, butter, milk, eggs,"
386,21.98999977,,,33,51,3.63,18.36,"vanilla_extract, enriched_flour, sugar, brown_sugar, baking_powder, butter, milk, eggs, cocoa, chocolate_chips, walnuts, peanuts, salt, sprinkles, oil, strawberries, blueberries, bananas, apples, baking_soda,"
387,109.9899979,12/20/2015,12/23/2015,24,77,102.19,7.8,"milk, eggs, cocoa, chocolate_chips, walnuts, peanuts, salt, sprinkles, oil, strawberries, blueberries, bananas, apples, baking_soda, vanilla_extract, enriched_flour, sugar, brown_sugar, baking_powder, butter,"
388,37.72000122,11/1/2015,11/9/2015,46,27,35.68,2.04,"vanilla_extract, enriched_flour, sugar, brown_sugar, baking_powder, butter, milk, eggs, cocoa, chocolate_chips, walnuts, peanuts, salt, sprinkles, oil, strawberries, blueberries, bananas, apples, baking_soda,"
389,7.849999905,12/8/2015,12/11/2015,91,22,7.4,0.45,"eggs, cocoa, chocolate_chips, walnuts, peanuts, salt, sprinkles, oil, strawberries, blueberries, bananas, apples, baking_soda, vanilla_extract, enriched_flour, sugar, brown_sugar, baking_powder, butter, milk,"
390,65,6/23/2015,6/29/2015,2,9,2.56,62.44,"enriched_flour, sugar, brown_sugar, baking_powder, butter, milk, eggs, cocoa, chocolate_chips, walnuts, peanuts, salt, sprinkles, oil, strawberries, blueberries, bananas, apples, baking_soda, vanilla_extract,"
391,46,3/14/2016,,71,39,28.48,17.52,
392,65,8/28/2015,8/31/2015,56,98,30.7,34.3,"baking_soda, vanilla_extract, enriched_flour, sugar, brown_sugar, baking_powder, butter, milk, eggs, cocoa, chocolate_chips, walnuts, peanuts, salt, sprinkles, oil, strawberries, blueberries, bananas, apples,"
393,18.69000053,2/26/2016,3/3/2016,14,98,7.41,11.28,"enriched_flour, sugar, brown_sugar, baking_powder, butter, milk, eggs, cocoa, chocolate_chips, walnuts, peanuts, salt, sprinkles, oil, strawberries, blueberries, bananas, apples, baking_soda, vanilla_extract,"
394,20,2/24/2013,2/27/2013,5,56,14.48,5.52,"brown_sugar, baking_powder, butter, milk, eggs, cocoa, chocolate_chips, walnuts, peanuts, salt, sprinkles, oil, strawberries, blueberries, bananas, apples, baking_soda, vanilla_extract, enriched_flour, sugar,"
395,29.95000076,4/14/2013,4/17/2013,50,56,11.34,18.61,"vanilla_extract, enriched_flour, sugar, brown_sugar, baking_powder, butter, milk, eggs, cocoa, chocolate_chips, walnuts, peanuts, salt, sprinkles, oil, strawberries, blueberries, bananas, apples, baking_soda,"
396,19.98999977,6/1/2015,6/4/2015,73,68,14.57,5.42,"baking_powder, butter, milk, eggs, cocoa, chocolate_chips, walnuts, peanuts, salt, sprinkles, oil, strawberries, blueberries, bananas, apples, baking_soda, vanilla_extract, enriched_flour, sugar, brown_sugar,"
397,54,4/7/2015,4/10/2015,89,28,44.18,9.82,
398,25,8/21/2013,8/27/2013,99,71,14.53,10.47,"baking_soda, vanilla_extract, enriched_flour, sugar, brown_sugar, baking_powder, butter, milk, eggs, cocoa, chocolate_chips, walnuts, peanuts, salt, sprinkles, oil, strawberries, blueberries, bananas, apples,"
399,10.89000034,4/16/2013,4/21/2013,76,91,0.19,10.7,"sugar, brown_sugar, baking_powder, butter, milk, eggs, cocoa, chocolate_chips, walnuts, peanuts, salt, sprinkles, oil, strawberries, blueberries, bananas, apples, baking_soda, vanilla_extract, enriched_flour,"
400,23.79000092,2/28/2016,3/2/2016,28,62,0.75,23.04,"baking_powder, butter, milk, eggs, cocoa, chocolate_chips, walnuts, peanuts, salt, sprinkles, oil, strawberries, blueberries, bananas, apples, baking_soda, vanilla_extract, enriched_flour, sugar, brown_sugar,"
401,44.84000015,9/3/2015,9/8/2015,96,8,13.44,31.4,"cocoa, chocolate_chips, walnuts, peanuts, salt, sprinkles, oil, strawberries, blueberries, bananas, apples, baking_soda, vanilla_extract, enriched_flour, sugar, brown_sugar, baking_powder, butter, milk, eggs,"
402,7.989999771,12/25/2014,1/1/2015,56,96,0.9,7.09,"eggs, cocoa, chocolate_chips, walnuts, peanuts, salt, sprinkles, oil, strawberries, blueberries, bananas, apples, baking_soda, vanilla_extract, enriched_flour, sugar, brown_sugar, baking_powder, butter, milk,"
403,68,10/8/2015,10/13/2015,81,56,28.52,39.48,"vanilla_extract, enriched_flour, sugar, brown_sugar, baking_powder, butter, milk, eggs, cocoa, chocolate_chips, walnuts, peanuts, salt, sprinkles, oil, strawberries, blueberries, bananas, apples, baking_soda,"
404,75.11000061,5/23/2012,5/27/2012,26,42,55.96,19.15,"sugar, brown_sugar, baking_powder, butter, milk, eggs, cocoa, chocolate_chips, walnuts, peanuts, salt, sprinkles, oil, strawberries, blueberries, bananas, apples, baking_soda, vanilla_extract, enriched_flour,"
405,39.99000168,5/22/2013,5/26/2013,49,93,27.68,12.31,"vanilla_extract, enriched_flour, sugar, brown_sugar, baking_powder, butter, milk, eggs, cocoa, chocolate_chips, walnuts, peanuts, salt, sprinkles, oil, strawberries, blueberries, bananas, apples, baking_soda,"
406,25,1/7/2015,1/11/2015,42,100,3.3,21.7,
407,15,3/24/2015,3/27/2015,46,46,5.33,9.67,"vanilla_extract, enriched_flour, sugar, brown_sugar, baking_powder, butter, milk, eggs, cocoa, chocolate_chips, walnuts, peanuts, salt, sprinkles, oil, strawberries, blueberries, bananas, apples, baking_soda,"
408,25,11/23/2015,11/27/2015,28,33,14.08,10.92,"butter, milk, eggs, cocoa, chocolate_chips, walnuts, peanuts, salt, sprinkles, oil, strawberries, blueberries, bananas, apples, baking_soda, vanilla_extract, enriched_flour, sugar, brown_sugar, baking_powder,"
409,44.99000168,6/30/2015,7/3/2015,76,74,4.91,40.08,"enriched_flour, sugar, brown_sugar, baking_powder, butter, milk, eggs, cocoa, chocolate_chips, walnuts, peanuts, salt, sprinkles, oil, strawberries, blueberries, bananas, apples, baking_soda, vanilla_extract,"
410,13.98999977,3/5/2013,3/10/2013,35,81,6.59,7.4,"baking_powder, butter, milk, eggs, cocoa, chocolate_chips, walnuts, peanuts, salt, sprinkles, oil, strawberries, blueberries, bananas, apples, baking_soda, vanilla_extract, enriched_flour, sugar, brown_sugar,"
411,18.62000084,12/2/2014,12/9/2014,62,13,5.63,12.99,
412,9.989999771,7/10/2015,7/13/2015,69,62,2.99,7,
413,12.97999954,9/17/2014,9/23/2014,30,24,9.34,3.64,"cocoa, chocolate_chips, walnuts, peanuts, salt, sprinkles, oil, strawberries, blueberries, bananas, apples, baking_soda, vanilla_extract, enriched_flour, sugar, brown_sugar, baking_powder, butter, milk, eggs,"
414,17,2/23/2016,2/26/2016,24,45,4.42,12.58,"baking_soda, vanilla_extract, enriched_flour, sugar, brown_sugar, baking_powder, butter, milk, eggs, cocoa, chocolate_chips, walnuts, peanuts, salt, sprinkles, oil, strawberries, blueberries, bananas, apples,"
415,60,,,64,78,50.73,9.27,
416,53.5,12/4/2015,12/8/2015,73,59,43.09,10.41,
417,19.98999977,7/26/2014,7/29/2014,8,68,11.64,8.35,"baking_powder, butter, milk, eggs, cocoa, chocolate_chips, walnuts, peanuts, salt, sprinkles, oil, strawberries, blueberries, bananas, apples, baking_soda, vanilla_extract, enriched_flour, sugar, brown_sugar,"
418,60,6/2/2015,6/5/2015,54,55,59.87,0.13,
419,20,1/31/2016,2/5/2016,2,37,2.91,17.09,"baking_soda, vanilla_extract, enriched_flour, sugar, brown_sugar, baking_powder, butter, milk, eggs, cocoa, chocolate_chips, walnuts, peanuts, salt, sprinkles, oil, strawberries, blueberries, bananas, apples,"
420,50,12/10/2015,12/17/2015,97,95,8.96,41.04,"enriched_flour, sugar, brown_sugar, baking_powder, butter, milk, eggs, cocoa, chocolate_chips, walnuts, peanuts, salt, sprinkles, oil, strawberries, blueberries, bananas, apples, baking_soda, vanilla_extract,"
421,40,1/29/2014,2/4/2014,62,18,3.24,36.76,"milk, eggs, cocoa, chocolate_chips, walnuts, peanuts, salt, sprinkles, oil, strawberries, blueberries, bananas, apples, baking_soda, vanilla_extract, enriched_flour, sugar, brown_sugar, baking_powder, butter,"
422,68,10/19/2014,10/23/2014,6,43,28.55,39.45,
423,24.98999977,10/28/2014,11/2/2014,32,82,24,0.99,
424,59.95000076,1/25/2016,1/28/2016,85,71,8.57,51.38,
425,24,11/18/2014,11/21/2014,91,75,7.75,16.25,
426,37.95000076,5/9/2013,5/13/2013,92,30,16.91,21.04,"eggs, cocoa, chocolate_chips, walnuts, peanuts, salt, sprinkles, oil, strawberries, blueberries, bananas, apples, baking_soda, vanilla_extract, enriched_flour, sugar, brown_sugar, baking_powder, butter, milk,"
427,69.5,11/25/2014,12/2/2014,11,50,13.46,56.04,"brown_sugar, baking_powder, butter, milk, eggs, cocoa, chocolate_chips, walnuts, peanuts, salt, sprinkles, oil, strawberries, blueberries, bananas, apples, baking_soda, vanilla_extract, enriched_flour, sugar,"
428,43.43999863,7/21/2015,7/26/2015,87,100,5.55,37.89,"sugar, brown_sugar, baking_powder, butter, milk, eggs, cocoa, chocolate_chips, walnuts, peanuts, salt, sprinkles, oil, strawberries, blueberries, bananas, apples, baking_soda, vanilla_extract, enriched_flour,"
429,21.95000076,12/5/2012,12/11/2012,44,79,2.47,19.48,"milk, eggs, cocoa, chocolate_chips, walnuts, peanuts, salt, sprinkles, oil, strawberries, blueberries, bananas, apples, baking_soda, vanilla_extract, enriched_flour, sugar, brown_sugar, baking_powder, butter,"
430,27.98999977,1/18/2015,1/22/2015,96,46,13.17,14.82,"butter, milk, eggs, cocoa, chocolate_chips, walnuts, peanuts, salt, sprinkles, oil, strawberries, blueberries, bananas, apples, baking_soda, vanilla_extract, enriched_flour, sugar, brown_sugar, baking_powder,"
431,15,4/16/2015,4/21/2015,71,79,11.24,3.76,"baking_soda, vanilla_extract, enriched_flour, sugar, brown_sugar, baking_powder, butter, milk, eggs, cocoa, chocolate_chips, walnuts, peanuts, salt, sprinkles, oil, strawberries, blueberries, bananas, apples,"
432,35.95000076,2/4/2014,2/11/2014,45,7,9.96,25.99,"eggs, cocoa, chocolate_chips, walnuts, peanuts, salt, sprinkles, oil, strawberries, blueberries, bananas, apples, baking_soda, vanilla_extract, enriched_flour, sugar, brown_sugar, baking_powder, butter, milk,"
433,59.95000076,9/11/2013,9/17/2013,93,1,17.13,42.82,"brown_sugar, baking_powder, butter, milk, eggs, cocoa, chocolate_chips, walnuts, peanuts, salt, sprinkles, oil, strawberries, blueberries, bananas, apples, baking_soda, vanilla_extract, enriched_flour, sugar,"
434,50.38999939,11/18/2012,11/21/2012,51,70,22.82,27.57,
435,12.57999992,5/12/2015,5/19/2015,8,76,0.44,12.14,"enriched_flour, sugar, brown_sugar, baking_powder, butter, milk, eggs, cocoa, chocolate_chips, walnuts, peanuts, salt, sprinkles, oil, strawberries, blueberries, bananas, apples, baking_soda, vanilla_extract,"
436,903,6/24/2015,6/28/2015,67,79,902.15,0.85,
437,6.409999847,11/26/2012,12/3/2012,45,77,2.49,3.92,"cocoa, chocolate_chips, walnuts, peanuts, salt, sprinkles, oil, strawberries, blueberries, bananas, apples, baking_soda, vanilla_extract, enriched_flour, sugar, brown_sugar, baking_powder, butter, milk, eggs,"
438,39.99000168,11/23/2014,11/27/2014,4,40,18.34,21.65,"brown_sugar, baking_powder, butter, milk, eggs, cocoa, chocolate_chips, walnuts, peanuts, salt, sprinkles, oil, strawberries, blueberries, bananas, apples, baking_soda, vanilla_extract, enriched_flour, sugar,"
439,29,7/15/2012,7/18/2012,84,40,5.61,23.39,"brown_sugar, baking_powder, butter, milk, eggs, cocoa, chocolate_chips, walnuts, peanuts, salt, sprinkles, oil, strawberries, blueberries, bananas, apples, baking_soda, vanilla_extract, enriched_flour, sugar,"
440,64,12/22/2014,12/28/2014,87,70,41.28,22.72,"vanilla_extract, enriched_flour, sugar, brown_sugar, baking_powder, butter, milk, eggs, cocoa, chocolate_chips, walnuts, peanuts, salt, sprinkles, oil, strawberries, blueberries, bananas, apples, baking_soda,"
441,15,6/18/2012,6/21/2012,1,28,7.79,7.21,
442,32.99000168,4/22/2013,4/25/2013,62,73,18.11,14.88,"butter, milk, eggs, cocoa, chocolate_chips, walnuts, peanuts, salt, sprinkles, oil, strawberries, blueberries, bananas, apples, baking_soda, vanilla_extract, enriched_flour, sugar, brown_sugar, baking_powder,"
443,55.99000168,6/19/2013,6/25/2013,70,82,8.67,47.32,
444,44.20999908,4/28/2014,5/2/2014,75,77,32.76,11.45,
445,3.799999952,4/28/2015,5/1/2015,92,57,0.61,3.19,
446,64,2/24/2016,2/28/2016,90,24,59.24,4.76,
447,15,2/23/2014,2/26/2014,85,9,3.57,11.43,"enriched_flour, sugar, brown_sugar, baking_powder, butter, milk, eggs, cocoa, chocolate_chips, walnuts, peanuts, salt, sprinkles, oil, strawberries, blueberries, bananas, apples, baking_soda, vanilla_extract,"
448,124.9499969,7/8/2015,7/12/2015,84,4,107.02,17.93,
449,64,11/13/2015,11/17/2015,83,89,12.11,51.89,
450,39.99000168,,,66,10,27.8,12.19,
451,47.99000168,2/9/2015,2/21/2015,66,45,12.22,35.77,"vanilla_extract, enriched_flour, sugar, brown_sugar, baking_powder, butter, milk, eggs, cocoa, chocolate_chips, walnuts, peanuts, salt, sprinkles, oil, strawberries, blueberries, bananas, apples, baking_soda,"
452,15.98999977,10/14/2014,10/19/2014,39,38,3.54,12.45,"butter, milk, eggs, cocoa, chocolate_chips, walnuts, peanuts, salt, sprinkles, oil, strawberries, blueberries, bananas, apples, baking_soda, vanilla_extract, enriched_flour, sugar, brown_sugar, baking_powder,"
453,25,1/9/2014,1/14/2014,71,23,4.07,20.93,
454,25.5,9/30/2014,10/3/2014,36,5,19.45,6.05,"enriched_flour, sugar, brown_sugar, baking_powder, butter, milk, eggs, cocoa, chocolate_chips, walnuts, peanuts, salt, sprinkles, oil, strawberries, blueberries, bananas, apples, baking_soda, vanilla_extract,"
455,49.5,4/5/2015,4/8/2015,83,44,10.19,39.31,"baking_soda, vanilla_extract, enriched_flour, sugar, brown_sugar, baking_powder, butter, milk, eggs, cocoa, chocolate_chips, walnuts, peanuts, salt, sprinkles, oil, strawberries, blueberries, bananas, apples,"
456,47.95000076,12/24/2015,12/28/2015,46,95,41.89,6.06,
457,61.59999847,6/28/2015,7/1/2015,20,64,13.28,48.32,
458,68,2/5/2016,2/17/2016,76,4,62.01,5.99,"enriched_flour, sugar, brown_sugar, baking_powder, butter, milk, eggs, cocoa, chocolate_chips, walnuts, peanuts, salt, sprinkles, oil, strawberries, blueberries, bananas, apples, baking_soda, vanilla_extract,"
459,35,8/25/2015,8/30/2015,39,89,27.84,7.16,"sugar, brown_sugar, baking_powder, butter, milk, eggs, cocoa, chocolate_chips, walnuts, peanuts, salt, sprinkles, oil, strawberries, blueberries, bananas, apples, baking_soda, vanilla_extract, enriched_flour,"
460,26,5/28/2014,6/1/2014,89,46,21.48,4.52,"baking_soda, vanilla_extract, enriched_flour, sugar, brown_sugar, baking_powder, butter, milk, eggs, cocoa, chocolate_chips, walnuts, peanuts, salt, sprinkles, oil, strawberries, blueberries, bananas, apples,"
461,18.98999977,4/16/2015,4/22/2015,95,58,13.6,5.39,
462,28.98999977,12/29/2015,1/3/2016,12,80,0.19,28.8,
463,13.98999977,5/11/2012,5/14/2012,30,63,3.89,10.1,
464,20,11/13/2015,11/16/2015,16,25,11.17,8.83,
465,60,5/12/2015,5/19/2015,84,83,3.95,56.05,
466,51.18999863,12/18/2015,12/21/2015,85,29,47.91,3.28,"cocoa, chocolate_chips, walnuts, peanuts, salt, sprinkles, oil, strawberries, blueberries, bananas, apples, baking_soda, vanilla_extract, enriched_flour, sugar, brown_sugar, baking_powder, butter, milk, eggs,"
467,39.99000168,11/17/2014,11/21/2014,11,39,25.39,14.6,"vanilla_extract, enriched_flour, sugar, brown_sugar, baking_powder, butter, milk, eggs, cocoa, chocolate_chips, walnuts, peanuts, salt, sprinkles, oil, strawberries, blueberries, bananas, apples, baking_soda,"
468,46,2/23/2016,2/29/2016,4,35,32.9,13.1,"baking_powder, butter, milk, eggs, cocoa, chocolate_chips, walnuts, peanuts, salt, sprinkles, oil, strawberries, blueberries, bananas, apples, baking_soda, vanilla_extract, enriched_flour, sugar, brown_sugar,"
469,62,10/28/2013,11/4/2013,32,96,6.96,55.04,
470,26.17000008,7/9/2013,7/12/2013,61,23,21.99,4.18,"vanilla_extract, enriched_flour, sugar, brown_sugar, baking_powder, butter, milk, eggs, cocoa, chocolate_chips, walnuts, peanuts, salt, sprinkles, oil, strawberries, blueberries, bananas, apples, baking_soda,"
471,23.98999977,11/13/2015,11/16/2015,27,33,22.48,1.51,
472,7.989999771,8/12/2015,8/16/2015,96,16,5.41,2.58,"baking_soda, vanilla_extract, enriched_flour, sugar, brown_sugar, baking_powder, butter, milk, eggs, cocoa, chocolate_chips, walnuts, peanuts, salt, sprinkles, oil, strawberries, blueberries, bananas, apples,"
473,32.5,3/26/2012,3/30/2012,33,20,10.94,21.56,"eggs, cocoa, chocolate_chips, walnuts, peanuts, salt, sprinkles, oil, strawberries, blueberries, bananas, apples, baking_soda, vanilla_extract, enriched_flour, sugar, brown_sugar, baking_powder, butter, milk,"
474,25,1/2/2014,1/7/2014,78,94,18.73,6.27,
475,32.90000153,9/24/2015,9/28/2015,40,57,2.47,30.43,
476,24.98999977,2/10/2015,2/13/2015,24,54,7.14,17.85,"vanilla_extract, enriched_flour, sugar, brown_sugar, baking_powder, butter, milk, eggs, cocoa, chocolate_chips, walnuts, peanuts, salt, sprinkles, oil, strawberries, blueberries, bananas, apples, baking_soda,"
477,26.21999931,2/23/2016,3/1/2016,18,21,19.19,7.03,
478,29.95000076,4/22/2013,4/25/2013,88,82,1.03,28.92,"brown_sugar, baking_powder, butter, milk, eggs, cocoa, chocolate_chips, walnuts, peanuts, salt, sprinkles, oil, strawberries, blueberries, bananas, apples, baking_soda, vanilla_extract, enriched_flour, sugar,"
479,129.9900055,1/4/2013,1/7/2013,26,92,41.75,88.24,"enriched_flour, sugar, brown_sugar, baking_powder, butter, milk, eggs, cocoa, chocolate_chips, walnuts, peanuts, salt, sprinkles, oil, strawberries, blueberries, bananas, apples, baking_soda, vanilla_extract,"
480,46,6/1/2015,6/5/2015,99,17,6.46,39.54,"brown_sugar, baking_powder, butter, milk, eggs, cocoa, chocolate_chips, walnuts, peanuts, salt, sprinkles, oil, strawberries, blueberries, bananas, apples, baking_soda, vanilla_extract, enriched_flour, sugar,"
481,34.99000168,12/24/2013,12/29/2013,84,66,11.33,23.66,"eggs, cocoa, chocolate_chips, walnuts, peanuts, salt, sprinkles, oil, strawberries, blueberries, bananas, apples, baking_soda, vanilla_extract, enriched_flour, sugar, brown_sugar, baking_powder, butter, milk,"
482,69.98999786,11/10/2014,11/16/2014,8,28,40.35,29.64,"enriched_flour, sugar, brown_sugar, baking_powder, butter, milk, eggs, cocoa, chocolate_chips, walnuts, peanuts, salt, sprinkles, oil, strawberries, blueberries, bananas, apples, baking_soda, vanilla_extract,"
483,85,12/8/2015,12/11/2015,83,59,41.94,43.06,
484,11.10000038,8/11/2015,8/14/2015,24,12,10.48,0.62,
485,8.989999771,12/12/2014,12/16/2014,36,25,0.21,8.78,"butter, milk, eggs, cocoa, chocolate_chips, walnuts, peanuts, salt, sprinkles, oil, strawberries, blueberries, bananas, apples, baking_soda, vanilla_extract, enriched_flour, sugar, brown_sugar, baking_powder,"
486,39.95000076,7/14/2013,7/17/2013,46,72,25.78,14.17,
487,15,12/31/2013,1/7/2014,74,55,2.69,12.31,"brown_sugar, baking_powder, butter, milk, eggs, cocoa, chocolate_chips, walnuts, peanuts, salt, sprinkles, oil, strawberries, blueberries, bananas, apples, baking_soda, vanilla_extract, enriched_flour, sugar,"
488,59.95000076,4/24/2014,4/30/2014,2,3,18.42,41.53,"sugar, brown_sugar, baking_powder, butter, milk, eggs, cocoa, chocolate_chips, walnuts, peanuts, salt, sprinkles, oil, strawberries, blueberries, bananas, apples, baking_soda, vanilla_extract, enriched_flour,"
489,228,1/28/2016,2/2/2016,6,88,223.39,4.61,
490,64,,,71,40,30.52,33.48,"enriched_flour, sugar, brown_sugar, baking_powder, butter, milk, eggs, cocoa, chocolate_chips, walnuts, peanuts, salt, sprinkles, oil, strawberries, blueberries, bananas, apples, baking_soda, vanilla_extract,"
491,68,11/21/2014,11/26/2014,48,82,11.71,56.29,"sugar, brown_sugar, baking_powder, butter, milk, eggs, cocoa, chocolate_chips, walnuts, peanuts, salt, sprinkles, oil, strawberries, blueberries, bananas, apples, baking_soda, vanilla_extract, enriched_flour,"
492,64.94999695,11/25/2013,12/3/2013,23,44,64.42,0.53,
493,40.22000122,3/5/2014,3/9/2014,23,5,29.9,10.32,
494,54.95000076,8/6/2012,8/10/2012,92,13,23.2,31.75,
495,24,9/26/2013,10/1/2013,39,18,12.82,11.18,
496,24.95000076,5/26/2015,5/31/2015,81,4,2.61,22.34,"vanilla_extract, enriched_flour, sugar, brown_sugar, baking_powder, butter, milk, eggs, cocoa, chocolate_chips, walnuts, peanuts, salt, sprinkles, oil, strawberries, blueberries, bananas, apples, baking_soda,"
497,29.89999962,8/14/2014,8/21/2014,67,61,2.07,27.83,"butter, milk, eggs, cocoa, chocolate_chips, walnuts, peanuts, salt, sprinkles, oil, strawberries, blueberries, bananas, apples, baking_soda, vanilla_extract, enriched_flour, sugar, brown_sugar, baking_powder,"
498,98,,,96,21,57.91,40.09,"sugar, brown_sugar, baking_powder, butter, milk, eggs, cocoa, chocolate_chips, walnuts, peanuts, salt, sprinkles, oil, strawberries, blueberries, bananas, apples, baking_soda, vanilla_extract, enriched_flour,"
499,75.11000061,10/9/2013,10/13/2013,84,39,59.44,15.67,"cocoa, chocolate_chips, walnuts, peanuts, salt, sprinkles, oil, strawberries, blueberries, bananas, apples, baking_soda, vanilla_extract, enriched_flour, sugar, brown_sugar, baking_powder, butter, milk, eggs,"
500,9.979999542,11/15/2015,11/18/2015,3,58,1.39,8.59,"baking_soda, vanilla_extract, enriched_flour, sugar, brown_sugar, baking_powder, butter, milk, eggs, cocoa, chocolate_chips, walnuts, peanuts, salt, sprinkles, oil, strawberries, blueberries, bananas, apples"
